<?xml version="1.0" encoding="UTF-8"?>
<plugins>

<plugin-partitioner
   id="ModPartitioner"
   description="Mod"
   tooltip="Remainder of division"
   category="Partitioner"
   classname="org.pentaho.di.trans.ModPartitioner">
   <libraries>
    <library name="dummy.jar"/>
    </libraries>
    
   <localized_category>
     <category locale="en_US">Partitioner</category>
   </localized_category>
   <localized_description>
     <description locale="en_US">Mod</description>
   </localized_description>
   <localized_tooltip>
     <tooltip locale="en_US">Remainder of division</tooltip>
   </localized_tooltip>
   
</plugin-partitioner>

</plugins>
