<?xml version="1.0" encoding="UTF-8"?>
<steps>
 <step id="Dummy"> <description>i18n:org.pentaho.di.trans.step:BaseStep.TypeLongDesc.Dummy</description> <classname>org.pentaho.di.trans.steps.dummytrans.DummyTransMeta</classname> <category>i18n:org.pentaho.di.trans.step:BaseStep.Category.Flow</category> <tooltip>i18n:org.pentaho.di.trans.step:BaseStep.TypeTooltipDesc.Dummy</tooltip> <iconfile>ui/images/DUM.svg</iconfile> <documentation_url>http://wiki.pentaho.com/display/EAI/Dummy+%28do+nothing%29</documentation_url> <cases_url/> <forum_url/> </step>
 <step id="Append"> <description>i18n:org.pentaho.di.trans.step:BaseStep.TypeLongDesc.Append</description> <classname>org.pentaho.di.trans.steps.append.AppendMeta</classname> <category>i18n:org.pentaho.di.trans.step:BaseStep.Category.Flow</category> <tooltip>i18n:org.pentaho.di.trans.step:BaseStep.TypeTooltipDesc.Append</tooltip> <iconfile>ui/images/APP.svg</iconfile> <documentation_url>http://wiki.pentaho.com/display/EAI/Append+streams</documentation_url> <cases_url/> <forum_url/> </step>
 <step id="TableInput"> <description>i18n:org.pentaho.di.trans.step:BaseStep.TypeLongDesc.TableInput</description> <classname>org.pentaho.di.trans.steps.tableinput.TableInputMeta</classname> <category>i18n:org.pentaho.di.trans.step:BaseStep.Category.Input</category> <tooltip>i18n:org.pentaho.di.trans.step:BaseStep.TypeTooltipDesc.TableInput</tooltip> <iconfile>ui/images/TIP.svg</iconfile> <documentation_url>http://wiki.pentaho.com/display/EAI/Table+Input</documentation_url> <cases_url>http://jira.pentaho.com/browse/PDI</cases_url> <forum_url>http://forums.pentaho.com/forumdisplay.php?135-Pentaho-Data-Integration-Kettle</forum_url> </step>
 <step id="SocketReader"> <description>i18n:org.pentaho.di.trans.step:BaseStep.TypeLongDesc.SocketReader</description> <classname>org.pentaho.di.trans.steps.socketreader.SocketReaderMeta</classname> <category>i18n:org.pentaho.di.trans.step:BaseStep.Category.Inline</category> <tooltip>i18n:org.pentaho.di.trans.step:BaseStep.TypeTooltipDesc.SocketReader</tooltip> <iconfile>ui/images/SKR.svg</iconfile> <documentation_url>http://wiki.pentaho.com/display/EAI/Socket+reader</documentation_url> <cases_url/> <forum_url/> </step>
 <step id="SocketWriter"> <description>i18n:org.pentaho.di.trans.step:BaseStep.TypeLongDesc.SocketWriter</description> <classname>org.pentaho.di.trans.steps.socketwriter.SocketWriterMeta</classname> <category>i18n:org.pentaho.di.trans.step:BaseStep.Category.Inline</category> <tooltip>i18n:org.pentaho.di.trans.step:BaseStep.TypeTooltipDesc.SocketWriter</tooltip> <iconfile>ui/images/SKW.svg</iconfile> <documentation_url>http://wiki.pentaho.com/display/EAI/Socket+writer</documentation_url> <cases_url/> <forum_url/> </step>
 <step id="SelectValues"> <description>i18n:org.pentaho.di.trans.step:BaseStep.TypeLongDesc.SelectValues</description> <classname>org.pentaho.di.trans.steps.selectvalues.SelectValuesMeta</classname> <category>i18n:org.pentaho.di.trans.step:BaseStep.Category.Transform</category> <tooltip>i18n:org.pentaho.di.trans.step:BaseStep.TypeTooltipDesc.SelectValues</tooltip> <iconfile>ui/images/SEL.svg</iconfile> <documentation_url>http://wiki.pentaho.com/display/EAI/Select+Values</documentation_url> <cases_url>http://jira.pentaho.com/browse/PDI</cases_url> <forum_url>http://forums.pentaho.com/forumdisplay.php?135-Pentaho-Data-Integration-Kettle</forum_url> </step>
 <step id="OldTextFileInput"> <description>i18n:org.pentaho.di.trans.step:BaseStep.TypeLongDesc.OldTextFileInput</description> <classname>org.pentaho.di.trans.steps.textfileinput.TextFileInputMeta</classname> <category>i18n:org.pentaho.di.trans.step:BaseStep.Category.Deprecated</category> <tooltip>i18n:org.pentaho.di.trans.step:BaseStep.TypeTooltipDesc.TextInputFile</tooltip> <iconfile>ui/images/TFI.svg</iconfile> <documentation_url>http://wiki.pentaho.com/display/EAI/Text+File+Input</documentation_url> <cases_url>http://jira.pentaho.com/browse/PDI</cases_url> <forum_url>http://forums.pentaho.com/forumdisplay.php?135-Pentaho-Data-Integration-Kettle</forum_url> </step>
 <step id="TextFileInput"> <description>i18n:org.pentaho.di.trans.step:BaseStep.TypeLongDesc.TextFileInput</description> <classname>org.pentaho.di.trans.steps.fileinput.text.TextFileInputMeta</classname> <category>i18n:org.pentaho.di.trans.step:BaseStep.Category.Input</category> <tooltip>i18n:org.pentaho.di.trans.step:BaseStep.TypeTooltipDesc.TextInputFile</tooltip> <iconfile>ui/images/TFI.svg</iconfile> <documentation_url>http://wiki.pentaho.com/display/EAI/Text+File+Input</documentation_url> <cases_url>http://jira.pentaho.com/browse/PDI</cases_url> <forum_url>http://forums.pentaho.com/forumdisplay.php?135-Pentaho-Data-Integration-Kettle</forum_url> </step>
 <step id="Calculator"> <description>i18n:org.pentaho.di.trans.step:BaseStep.TypeLongDesc.Caculator</description> <classname>org.pentaho.di.trans.steps.calculator.CalculatorMeta</classname> <category>i18n:org.pentaho.di.trans.step:BaseStep.Category.Transform</category> <tooltip>i18n:org.pentaho.di.trans.step:BaseStep.TypeTooltipDesc.Calculator</tooltip> <iconfile>ui/images/CLC.svg</iconfile> <documentation_url>http://wiki.pentaho.com/display/EAI/Calculator</documentation_url> <cases_url/> <forum_url/> </step>
 <step id="Constant"> <description>i18n:org.pentaho.di.trans.step:BaseStep.TypeLongDesc.AddConstants</description> <classname>org.pentaho.di.trans.steps.constant.ConstantMeta</classname> <category>i18n:org.pentaho.di.trans.step:BaseStep.Category.Transform</category> <tooltip>i18n:org.pentaho.di.trans.step:BaseStep.TypeTooltipDesc.Addconstants</tooltip> <iconfile>ui/images/CST.svg</iconfile> <documentation_url>http://wiki.pentaho.com/display/EAI/Add+Constants</documentation_url> <cases_url/> <forum_url/> </step>
 <step id="Abort"> <description>i18n:org.pentaho.di.trans.step:BaseStep.TypeLongDesc.Abort</description> <classname>org.pentaho.di.trans.steps.abort.AbortMeta</classname> <category>i18n:org.pentaho.di.trans.step:BaseStep.Category.Flow</category> <tooltip>i18n:org.pentaho.di.trans.step:BaseStep.TypeTooltipDesc.Abort</tooltip> <iconfile>ui/images/ABR.svg</iconfile> <documentation_url>http://wiki.pentaho.com/display/EAI/Abort</documentation_url> <cases_url/> <forum_url/> </step>
 <step id="Sequence"> <description>i18n:org.pentaho.di.trans.step:BaseStep.TypeLongDesc.AddSequence</description> <classname>org.pentaho.di.trans.steps.addsequence.AddSequenceMeta</classname> <category>i18n:org.pentaho.di.trans.step:BaseStep.Category.Transform</category> <tooltip>i18n:org.pentaho.di.trans.step:BaseStep.TypeTooltipDesc.Addsequence</tooltip> <iconfile>ui/images/SEQ.svg</iconfile> <documentation_url>http://wiki.pentaho.com/display/EAI/Add+sequence</documentation_url> <cases_url/> <forum_url/> </step>
 <step id="GetSlaveSequence"> <description>i18n:org.pentaho.di.trans.step:BaseStep.TypeLongDesc.GetSlaveSequence</description> <classname>org.pentaho.di.trans.steps.getslavesequence.GetSlaveSequenceMeta</classname> <category>i18n:org.pentaho.di.trans.step:BaseStep.Category.Transform</category> <tooltip>i18n:org.pentaho.di.trans.step:BaseStep.TypeTooltipDesc.GetSlavesequence</tooltip> <iconfile>ui/images/SEQ.svg</iconfile> <documentation_url>http://wiki.pentaho.com/display/EAI/Get+ID+from+Slave+Server</documentation_url> <cases_url/> <forum_url/> </step>
 <step id="TableOutput"> <description>i18n:org.pentaho.di.trans.step:BaseStep.TypeLongDesc.Output</description> <classname>org.pentaho.di.trans.steps.tableoutput.TableOutputMeta</classname> <category>i18n:org.pentaho.di.trans.step:BaseStep.Category.Output</category> <tooltip>i18n:org.pentaho.di.trans.step:BaseStep.TypeTooltipDesc.TableOutput</tooltip> <iconfile>ui/images/TOP.svg</iconfile> <documentation_url>http://wiki.pentaho.com/display/EAI/Table+Output</documentation_url> <cases_url/> <forum_url/> </step>
 <step id="TableAgileMart"> <description>i18n:org.pentaho.di.trans.step:BaseStep.TypeLongDesc.TableAgileMart</description> <classname>org.pentaho.di.trans.steps.tableagilemart.TableAgileMartMeta</classname> <category>i18n:org.pentaho.di.trans.step:BaseStep.Category.Agile</category> <tooltip>i18n:org.pentaho.di.trans.step:BaseStep.TypeTooltipDesc.TableAgileMart</tooltip> <iconfile>ui/images/TAM.svg</iconfile> <documentation_url/> <cases_url/> <forum_url/> </step>
 <step id="InfobrightOutput"> <description>i18n:org.pentaho.di.trans.step:BaseStep.TypeLongDesc.InfobrightOutput</description> <classname>org.pentaho.di.trans.steps.infobrightoutput.InfobrightLoaderMeta</classname> <category>i18n:org.pentaho.di.trans.step:BaseStep.Category.Bulk</category> <tooltip>i18n:org.pentaho.di.trans.step:BaseStep.TypeTooltipDesc.InfobrightOutput</tooltip> <iconfile>ui/images/BLKIB.svg</iconfile> <documentation_url/> <cases_url/> <forum_url/> </step>
 <step id="SortRows"> <description>i18n:org.pentaho.di.trans.step:BaseStep.TypeLongDesc.SortRows</description> <classname>org.pentaho.di.trans.steps.sort.SortRowsMeta</classname> <category>i18n:org.pentaho.di.trans.step:BaseStep.Category.Transform</category> <tooltip>i18n:org.pentaho.di.trans.step:BaseStep.TypeTooltipDesc.Sortrows</tooltip> <iconfile>ui/images/SRT.svg</iconfile> <documentation_url>http://wiki.pentaho.com/display/EAI/Sort+rows</documentation_url> <cases_url/> <forum_url/> </step>
 <step id="OraBulkLoader"> <description>i18n:org.pentaho.di.trans.step:BaseStep.TypeLongDesc.OraBulkLoader</description> <classname>org.pentaho.di.trans.steps.orabulkloader.OraBulkLoaderMeta</classname> <category>i18n:org.pentaho.di.trans.step:BaseStep.Category.Bulk</category> <tooltip>i18n:org.pentaho.di.trans.step:BaseStep.TypeTooltipDesc.OraBulkLoader</tooltip> <iconfile>ui/images/BLKO.svg</iconfile> <documentation_url>http://wiki.pentaho.com/display/EAI/Oracle+Bulk+Loader</documentation_url> <cases_url/> <forum_url/> </step>
 <step id="Injector"> <description>i18n:org.pentaho.di.trans.step:BaseStep.TypeLongDesc.Injector</description> <classname>org.pentaho.di.trans.steps.injector.InjectorMeta</classname> <category>i18n:org.pentaho.di.trans.step:BaseStep.Category.Inline</category> <tooltip>i18n:org.pentaho.di.trans.step:BaseStep.TypeTooltipDesc.Injector</tooltip> <iconfile>ui/images/INJ.svg</iconfile> <documentation_url>http://wiki.pentaho.com/display/EAI/Injector</documentation_url> <cases_url/> <forum_url/> </step>
 <step id="FilterRows"> <description>i18n:org.pentaho.di.trans.step:BaseStep.TypeLongDesc.FilterRows</description> <classname>org.pentaho.di.trans.steps.filterrows.FilterRowsMeta</classname> <category>i18n:org.pentaho.di.trans.step:BaseStep.Category.Flow</category> <tooltip>i18n:org.pentaho.di.trans.step:BaseStep.TypeTooltipDesc.FilterRows</tooltip> <iconfile>ui/images/FLT.svg</iconfile> <documentation_url>http://wiki.pentaho.com/display/EAI/Filter+rows</documentation_url> <cases_url/> <forum_url/> </step>
 <step id="JavaFilter"> <description>i18n:org.pentaho.di.trans.step:BaseStep.TypeLongDesc.JavaFilter</description> <classname>org.pentaho.di.trans.steps.javafilter.JavaFilterMeta</classname> <category>i18n:org.pentaho.di.trans.step:BaseStep.Category.Flow</category> <tooltip>i18n:org.pentaho.di.trans.step:BaseStep.TypeTooltipDesc.JavaFilter</tooltip> <iconfile>ui/images/JLT.svg</iconfile> <documentation_url/> <cases_url/> <forum_url/> </step>
 <step id="TextFileOutput"> <description>i18n:org.pentaho.di.trans.step:BaseStep.TypeLongDesc.TextFileOutput</description> <classname>org.pentaho.di.trans.steps.textfileoutput.TextFileOutputMeta</classname> <category>i18n:org.pentaho.di.trans.step:BaseStep.Category.Output</category> <tooltip>i18n:org.pentaho.di.trans.step:BaseStep.TypeTooltipDesc.TextOutputFile</tooltip> <iconfile>ui/images/TFO.svg</iconfile> <documentation_url>http://wiki.pentaho.com/display/EAI/Text+File+Output</documentation_url> <cases_url/> <forum_url/> </step>
 <step id="SystemInfo"> <description>i18n:org.pentaho.di.trans.step:BaseStep.TypeLongDesc.GetSystemInfo</description> <classname>org.pentaho.di.trans.steps.systemdata.SystemDataMeta</classname> <category>i18n:org.pentaho.di.trans.step:BaseStep.Category.Input</category> <tooltip>i18n:org.pentaho.di.trans.step:BaseStep.TypeTooltipDesc.GetSystemInfo</tooltip> <iconfile>ui/images/SYS.svg</iconfile> <documentation_url>http://wiki.pentaho.com/display/EAI/Get+System+Info</documentation_url> <cases_url/> <forum_url/> </step>
 <step id="StreamLookup"> <description>i18n:org.pentaho.di.trans.step:BaseStep.TypeLongDesc.StreamLookup</description> <classname>org.pentaho.di.trans.steps.streamlookup.StreamLookupMeta</classname> <category>i18n:org.pentaho.di.trans.step:BaseStep.Category.Lookup</category> <tooltip>i18n:org.pentaho.di.trans.step:BaseStep.TypeTooltipDesc.Streamlookup</tooltip> <iconfile>ui/images/SLU.svg</iconfile> <documentation_url>http://wiki.pentaho.com/display/EAI/Stream+Lookup</documentation_url> <cases_url/> <forum_url/> </step>
 <step id="Unique"> <description>i18n:org.pentaho.di.trans.step:BaseStep.TypeLongDesc.UniqueRows</description> <classname>org.pentaho.di.trans.steps.uniquerows.UniqueRowsMeta</classname> <category>i18n:org.pentaho.di.trans.step:BaseStep.Category.Transform</category> <tooltip>i18n:org.pentaho.di.trans.step:BaseStep.TypeTooltipDesc.Uniquerows</tooltip> <iconfile>ui/images/UNQ.svg</iconfile> <documentation_url>http://wiki.pentaho.com/display/EAI/Unique+Rows</documentation_url> <cases_url/> <forum_url/> </step>
 <step id="DBLookup"> <description>i18n:org.pentaho.di.trans.step:BaseStep.TypeLongDesc.DatabaseLookup</description> <classname>org.pentaho.di.trans.steps.databaselookup.DatabaseLookupMeta</classname> <category>i18n:org.pentaho.di.trans.step:BaseStep.Category.Lookup</category> <tooltip>i18n:org.pentaho.di.trans.step:BaseStep.TypeTooltipDesc.Databaselookup</tooltip> <iconfile>ui/images/DLU.svg</iconfile> <documentation_url>http://wiki.pentaho.com/display/EAI/Database+lookup</documentation_url> <cases_url/> <forum_url/> </step>
 <step id="DBJoin"> <description>i18n:org.pentaho.di.trans.step:BaseStep.TypeLongDesc.DatabaseJoin</description> <classname>org.pentaho.di.trans.steps.databasejoin.DatabaseJoinMeta</classname> <category>i18n:org.pentaho.di.trans.step:BaseStep.Category.Lookup</category> <tooltip>i18n:org.pentaho.di.trans.step:BaseStep.TypeTooltipDesc.Databasejoin</tooltip> <iconfile>ui/images/DBJ.svg</iconfile> <documentation_url>http://wiki.pentaho.com/display/EAI/Database+Join</documentation_url> <cases_url/> <forum_url/> </step>
 <step id="DimensionLookup"> <description>i18n:org.pentaho.di.trans.step:BaseStep.TypeLongDesc.DimensionUpdate</description> <classname>org.pentaho.di.trans.steps.dimensionlookup.DimensionLookupMeta</classname> <category>i18n:org.pentaho.di.trans.step:BaseStep.Category.DataWarehouse</category> <tooltip>i18n:org.pentaho.di.trans.step:BaseStep.TypeTooltipDesc.Dimensionupdate</tooltip> <iconfile>ui/images/DIM.svg</iconfile> <documentation_url>http://wiki.pentaho.com/display/EAI/Dimension+Lookup-Update</documentation_url> <cases_url/> <forum_url/> </step>
 <step id="ExcelInput"> <description>i18n:org.pentaho.di.trans.step:BaseStep.TypeLongDesc.ExcelInput</description> <classname>org.pentaho.di.trans.steps.excelinput.ExcelInputMeta</classname> <category>i18n:org.pentaho.di.trans.step:BaseStep.Category.Input</category> <tooltip>i18n:org.pentaho.di.trans.step:BaseStep.TypeTooltipDesc.ExcelInput</tooltip> <iconfile>ui/images/XLI.svg</iconfile> <documentation_url>http://wiki.pentaho.com/display/EAI/Excel+Input+%28XLS%2C+XLSX%29+including+OpenOffice+Workbooks+%28ODS%29</documentation_url> <cases_url/> <forum_url/> </step>
 <step id="CombinationLookup"> <description>i18n:org.pentaho.di.trans.step:BaseStep.TypeLongDesc.CombinationUpdate</description> <classname>org.pentaho.di.trans.steps.combinationlookup.CombinationLookupMeta</classname> <category>i18n:org.pentaho.di.trans.step:BaseStep.Category.DataWarehouse</category> <tooltip>i18n:org.pentaho.di.trans.step:BaseStep.TypeTooltipDesc.CombinationUpdate</tooltip> <iconfile>ui/images/CMB.svg</iconfile> <documentation_url>http://wiki.pentaho.com/display/EAI/Combination+lookup-update</documentation_url> <cases_url/> <forum_url/> </step>
 <step id="ScriptValueMod,ScriptValue"> <description>i18n:org.pentaho.di.trans.step:BaseStep.TypeLongDesc.JavaScriptMod</description> <classname>org.pentaho.di.trans.steps.scriptvalues_mod.ScriptValuesMetaMod</classname> <category>i18n:org.pentaho.di.trans.step:BaseStep.Category.Scripting</category> <tooltip>i18n:org.pentaho.di.trans.step:BaseStep.TypeTooltipDesc.JavaScriptValueMod</tooltip> <iconfile>ui/images/SCR_mod.svg</iconfile> <documentation_url/> <cases_url/> <forum_url/> </step>
 <step id="JoinRows"> <description>i18n:org.pentaho.di.trans.step:BaseStep.TypeLongDesc.JoinRows</description> <classname>org.pentaho.di.trans.steps.joinrows.JoinRowsMeta</classname> <category>i18n:org.pentaho.di.trans.step:BaseStep.Category.Joins</category> <tooltip>i18n:org.pentaho.di.trans.step:BaseStep.TypeTooltipDesc.JoinRows</tooltip> <iconfile>ui/images/JRW.svg</iconfile> <documentation_url>http://wiki.pentaho.com/display/EAI/Join+Rows+%28Cartesian+product%29</documentation_url> <cases_url/> <forum_url/> </step>
 <step id="Update"> <description>i18n:org.pentaho.di.trans.step:BaseStep.TypeLongDesc.Update</description> <classname>org.pentaho.di.trans.steps.update.UpdateMeta</classname> <category>i18n:org.pentaho.di.trans.step:BaseStep.Category.Output</category> <tooltip>i18n:org.pentaho.di.trans.step:BaseStep.TypeTooltipDesc.Update</tooltip> <iconfile>ui/images/UPD.svg</iconfile> <documentation_url>http://wiki.pentaho.com/display/EAI/Update</documentation_url> <cases_url/> <forum_url/> </step>
 <step id="InsertUpdate"> <description>i18n:org.pentaho.di.trans.step:BaseStep.TypeLongDesc.InsertOrUpdate</description> <classname>org.pentaho.di.trans.steps.insertupdate.InsertUpdateMeta</classname> <category>i18n:org.pentaho.di.trans.step:BaseStep.Category.Output</category> <tooltip>i18n:org.pentaho.di.trans.step:BaseStep.TypeTooltipDesc.InsertOrUpdate</tooltip> <iconfile>ui/images/INU.svg</iconfile> <documentation_url>http://wiki.pentaho.com/display/EAI/Insert+-+Update</documentation_url> <cases_url/> <forum_url/> </step>
 <step id="Delete"> <description>i18n:org.pentaho.di.trans.step:BaseStep.TypeLongDesc.Delete</description> <classname>org.pentaho.di.trans.steps.delete.DeleteMeta</classname> <category>i18n:org.pentaho.di.trans.step:BaseStep.Category.Output</category> <tooltip>i18n:org.pentaho.di.trans.step:BaseStep.TypeTooltipDesc.Delete</tooltip> <iconfile>ui/images/Delete.svg</iconfile> <documentation_url>http://wiki.pentaho.com/display/EAI/Delete</documentation_url> <cases_url/> <forum_url/> </step>
 <step id="MappingInput"> <description>i18n:org.pentaho.di.trans.step:BaseStep.TypeLongDesc.MappingInput</description> <classname>org.pentaho.di.trans.steps.mappinginput.MappingInputMeta</classname> <category>i18n:org.pentaho.di.trans.step:BaseStep.Category.Mapping</category> <tooltip>i18n:org.pentaho.di.trans.step:BaseStep.TypeTooltipDesc.MappingInputSpecification</tooltip> <iconfile>ui/images/MPI.svg</iconfile> <documentation_url>http://wiki.pentaho.com/display/EAI/Mapping+Input</documentation_url> <cases_url/> <forum_url/> </step>
 <step id="Mapping"> <description>i18n:org.pentaho.di.trans.step:BaseStep.TypeLongDesc.MappingSubTransformation</description> <classname>org.pentaho.di.trans.steps.mapping.MappingMeta</classname> <category>i18n:org.pentaho.di.trans.step:BaseStep.Category.Mapping</category> <tooltip>i18n:org.pentaho.di.trans.step:BaseStep.TypeTooltipDesc.MappingSubTransformation</tooltip> <iconfile>ui/images/MAP.svg</iconfile> <documentation_url>http://wiki.pentaho.com/display/EAI/Mapping</documentation_url> <cases_url/> <forum_url/> </step>
 <step id="SimpleMapping"> <description>i18n:org.pentaho.di.trans.step:BaseStep.TypeLongDesc.SimpleMappingSubTransformation</description> <classname>org.pentaho.di.trans.steps.simplemapping.SimpleMappingMeta</classname> <category>i18n:org.pentaho.di.trans.step:BaseStep.Category.Mapping</category> <tooltip>i18n:org.pentaho.di.trans.step:BaseStep.TypeTooltipDesc.SimpleMappingSubTransformation</tooltip> <iconfile>ui/images/MAP.svg</iconfile> <documentation_url>http://wiki.pentaho.com/display/EAI/Simple+Mapping</documentation_url> <cases_url/> <forum_url/> </step>
 <step id="MappingOutput"> <description>i18n:org.pentaho.di.trans.step:BaseStep.TypeLongDesc.MappingOutput</description> <classname>org.pentaho.di.trans.steps.mappingoutput.MappingOutputMeta</classname> <category>i18n:org.pentaho.di.trans.step:BaseStep.Category.Mapping</category> <tooltip>i18n:org.pentaho.di.trans.step:BaseStep.TypeTooltipDesc.MappingOutputSpecification</tooltip> <iconfile>ui/images/MPO.svg</iconfile> <documentation_url>http://wiki.pentaho.com/display/EAI/Mapping+Output</documentation_url> <cases_url/> <forum_url/> </step>
 <step id="SetVariable"> <description>i18n:org.pentaho.di.trans.step:BaseStep.TypeLongDesc.SetVariable</description> <classname>org.pentaho.di.trans.steps.setvariable.SetVariableMeta</classname> <category>i18n:org.pentaho.di.trans.step:BaseStep.Category.Job</category> <tooltip>i18n:org.pentaho.di.trans.step:BaseStep.TypeTooltipDesc.SetVariable</tooltip> <iconfile>ui/images/SVA.svg</iconfile> <documentation_url/> <cases_url/> <forum_url/> </step>
 <step id="GetVariable"> <description>i18n:org.pentaho.di.trans.step:BaseStep.TypeLongDesc.GetVariable</description> <classname>org.pentaho.di.trans.steps.getvariable.GetVariableMeta</classname> <category>i18n:org.pentaho.di.trans.step:BaseStep.Category.Job</category> <tooltip>i18n:org.pentaho.di.trans.step:BaseStep.TypeTooltipDesc.GetVariable</tooltip> <iconfile>ui/images/GVA.svg</iconfile> <documentation_url>http://wiki.pentaho.com/display/EAI/Get+Variable</documentation_url> <cases_url/> <forum_url/> </step>
 <step id="NullIf"> <description>i18n:org.pentaho.di.trans.step:BaseStep.TypeLongDesc.NullIf</description> <classname>org.pentaho.di.trans.steps.nullif.NullIfMeta</classname> <category>i18n:org.pentaho.di.trans.step:BaseStep.Category.Utility</category> <tooltip>i18n:org.pentaho.di.trans.step:BaseStep.TypeTooltipDesc.Nullif</tooltip> <iconfile>ui/images/NUI.svg</iconfile> <documentation_url/> <cases_url/> <forum_url/> </step>
 <step id="ExecSQL"> <description>i18n:org.pentaho.di.trans.step:BaseStep.TypeLongDesc.ExcuteSQL</description> <classname>org.pentaho.di.trans.steps.sql.ExecSQLMeta</classname> <category>i18n:org.pentaho.di.trans.step:BaseStep.Category.Scripting</category> <tooltip>i18n:org.pentaho.di.trans.step:BaseStep.TypeTooltipDesc.ExecuteSQL</tooltip> <iconfile>ui/images/SQL.svg</iconfile> <documentation_url>http://wiki.pentaho.com/display/EAI/Execute+SQL+script</documentation_url> <cases_url/> <forum_url/> </step>
 <step id="RowsFromResult"> <description>i18n:org.pentaho.di.trans.step:BaseStep.TypeLongDesc.GetRows</description> <classname>org.pentaho.di.trans.steps.rowsfromresult.RowsFromResultMeta</classname> <category>i18n:org.pentaho.di.trans.step:BaseStep.Category.Job</category> <tooltip>i18n:org.pentaho.di.trans.step:BaseStep.TypeTooltipDesc.GetRowsFromResult</tooltip> <iconfile>ui/images/FCH.svg</iconfile> <documentation_url>http://wiki.pentaho.com/display/EAI/Get+rows+from+result</documentation_url> <cases_url/> <forum_url/> </step>
 <step id="RowsToResult"> <description>i18n:org.pentaho.di.trans.step:BaseStep.TypeLongDesc.CopyRows</description> <classname>org.pentaho.di.trans.steps.rowstoresult.RowsToResultMeta</classname> <category>i18n:org.pentaho.di.trans.step:BaseStep.Category.Job</category> <tooltip>i18n:org.pentaho.di.trans.step:BaseStep.TypeTooltipDesc.CopyRowsToResult</tooltip> <iconfile>ui/images/TCH.svg</iconfile> <documentation_url>http://wiki.pentaho.com/display/EAI/Copy+rows+to+result</documentation_url> <cases_url/> <forum_url/> </step>
 <step id="BlockingStep"> <description>i18n:org.pentaho.di.trans.step:BaseStep.TypeLongDesc.BlockingStep</description> <classname>org.pentaho.di.trans.steps.blockingstep.BlockingStepMeta</classname> <category>i18n:org.pentaho.di.trans.step:BaseStep.Category.Flow</category> <tooltip>i18n:org.pentaho.di.trans.step:BaseStep.TypeTooltipDesc.BlockingStep</tooltip> <iconfile>ui/images/BLK.svg</iconfile> <documentation_url>http://wiki.pentaho.com/display/EAI/Blocking+step</documentation_url> <cases_url/> <forum_url/> </step>
 <step id="HTTP"> <description>i18n:org.pentaho.di.trans.step:BaseStep.TypeLongDesc.HTTP</description> <classname>org.pentaho.di.trans.steps.http.HTTPMeta</classname> <category>i18n:org.pentaho.di.trans.step:BaseStep.Category.Lookup</category> <tooltip>i18n:org.pentaho.di.trans.step:BaseStep.TypeTooltipDesc.HTTP</tooltip> <iconfile>ui/images/WEB.svg</iconfile> <documentation_url>http://wiki.pentaho.com/display/EAI/HTTP+Client</documentation_url> <cases_url/> <forum_url/> </step>
 <step id="MergeRows"> <description>i18n:org.pentaho.di.trans.step:BaseStep.TypeLongDesc.MergeRows</description> <classname>org.pentaho.di.trans.steps.mergerows.MergeRowsMeta</classname> <category>i18n:org.pentaho.di.trans.step:BaseStep.Category.Joins</category> <tooltip>i18n:org.pentaho.di.trans.step:BaseStep.TypeTooltipDesc.MergeRows</tooltip> <iconfile>ui/images/MRG.svg</iconfile> <documentation_url>http://wiki.pentaho.com/display/EAI/Merge+rows</documentation_url> <cases_url/> <forum_url/> </step>
 <step id="GetFileNames"> <description>i18n:org.pentaho.di.trans.step:BaseStep.TypeLongDesc.GetFileNames</description> <classname>org.pentaho.di.trans.steps.getfilenames.GetFileNamesMeta</classname> <category>i18n:org.pentaho.di.trans.step:BaseStep.Category.Input</category> <tooltip>i18n:org.pentaho.di.trans.step:BaseStep.TypeTooltipDesc.GetFileNames</tooltip> <iconfile>ui/images/GFN.svg</iconfile> <documentation_url>http://wiki.pentaho.com/display/EAI/Get+File+Names</documentation_url> <cases_url/> <forum_url/> </step>
 <step id="FilesFromResult"> <description>i18n:org.pentaho.di.trans.step:BaseStep.TypeLongDesc.FilesFromResult</description> <classname>org.pentaho.di.trans.steps.filesfromresult.FilesFromResultMeta</classname> <category>i18n:org.pentaho.di.trans.step:BaseStep.Category.Job</category> <tooltip>i18n:org.pentaho.di.trans.step:BaseStep.TypeTooltipDesc.FilesFromResult</tooltip> <iconfile>ui/images/FFR.svg</iconfile> <documentation_url>http://wiki.pentaho.com/display/EAI/Get+files+from+result</documentation_url> <cases_url/> <forum_url/> </step>
 <step id="FilesToResult"> <description>i18n:org.pentaho.di.trans.step:BaseStep.TypeLongDesc.FilesToResult</description> <classname>org.pentaho.di.trans.steps.filestoresult.FilesToResultMeta</classname> <category>i18n:org.pentaho.di.trans.step:BaseStep.Category.Job</category> <tooltip>i18n:org.pentaho.di.trans.step:BaseStep.TypeTooltipDesc.FilesToResult</tooltip> <iconfile>ui/images/FTR.svg</iconfile> <documentation_url>http://wiki.pentaho.com/display/EAI/Set+files+in+result</documentation_url> <cases_url/> <forum_url/> </step>
 <step id="GroupBy"> <description>i18n:org.pentaho.di.trans.step:BaseStep.TypeLongDesc.GroupBy</description> <classname>org.pentaho.di.trans.steps.groupby.GroupByMeta</classname> <category>i18n:org.pentaho.di.trans.step:BaseStep.Category.Statistics</category> <tooltip>i18n:org.pentaho.di.trans.step:BaseStep.TypeTooltipDesc.Groupby</tooltip> <iconfile>ui/images/GRP.svg</iconfile> <documentation_url>http://wiki.pentaho.com/display/EAI/Group+By</documentation_url> <cases_url/> <forum_url/> </step>
 <step id="MemoryGroupBy"> <description>i18n:org.pentaho.di.trans.step:BaseStep.TypeLongDesc.MemoryGroupBy</description> <classname>org.pentaho.di.trans.steps.memgroupby.MemoryGroupByMeta</classname> <category>i18n:org.pentaho.di.trans.step:BaseStep.Category.Statistics</category> <tooltip>i18n:org.pentaho.di.trans.step:BaseStep.TypeTooltipDesc.MemoryGroupby</tooltip> <iconfile>ui/images/MGB.svg</iconfile> <documentation_url/> <cases_url/> <forum_url/> </step>
 <step id="AnalyticQuery"> <description>i18n:org.pentaho.di.trans.step:BaseStep.TypeLongDesc.AnalyticQuery</description> <classname>org.pentaho.di.trans.steps.analyticquery.AnalyticQueryMeta</classname> <category>i18n:org.pentaho.di.trans.step:BaseStep.Category.Statistics</category> <tooltip>i18n:org.pentaho.di.trans.step:BaseStep.TypeTooltipDesc.AnalyticQuery</tooltip> <iconfile>ui/images/AQI.svg</iconfile> <documentation_url>http://wiki.pentaho.com/display/EAI/Analytic+Query</documentation_url> <cases_url/> <forum_url/> </step>
 <step id="MergeJoin"> <description>i18n:org.pentaho.di.trans.step:BaseStep.TypeLongDesc.MergeJoin</description> <classname>org.pentaho.di.trans.steps.mergejoin.MergeJoinMeta</classname> <category>i18n:org.pentaho.di.trans.step:BaseStep.Category.Joins</category> <tooltip>i18n:org.pentaho.di.trans.step:BaseStep.TypeTooltipDesc.MergeJoin</tooltip> <iconfile>ui/images/MJOIN.svg</iconfile> <documentation_url>http://wiki.pentaho.com/display/EAI/Merge+Join</documentation_url> <cases_url/> <forum_url/> </step>
 <step id="SortedMerge"> <description>i18n:org.pentaho.di.trans.step:BaseStep.TypeLongDesc.SortedMerge</description> <classname>org.pentaho.di.trans.steps.sortedmerge.SortedMergeMeta</classname> <category>i18n:org.pentaho.di.trans.step:BaseStep.Category.Joins</category> <tooltip>i18n:org.pentaho.di.trans.step:BaseStep.TypeTooltipDesc.SortedMerge</tooltip> <iconfile>ui/images/SMG.svg</iconfile> <documentation_url>http://wiki.pentaho.com/display/EAI/Sorted+Merge</documentation_url> <cases_url/> <forum_url/> </step>
 <step id="ExcelOutput"> <description>i18n:org.pentaho.di.trans.step:BaseStep.TypeLongDesc.ExcelOutput</description> <classname>org.pentaho.di.trans.steps.exceloutput.ExcelOutputMeta</classname> <category>i18n:org.pentaho.di.trans.step:BaseStep.Category.Output</category> <tooltip>i18n:org.pentaho.di.trans.step:BaseStep.TypeTooltipDesc.ExcelOutput</tooltip> <iconfile>ui/images/XLO.svg</iconfile> <documentation_url>http://wiki.pentaho.com/display/EAI/Excel+Output</documentation_url> <cases_url/> <forum_url/> </step>
 <step id="DBProc"> <description>i18n:org.pentaho.di.trans.step:BaseStep.TypeLongDesc.CallDBProcedure</description> <classname>org.pentaho.di.trans.steps.dbproc.DBProcMeta</classname> <category>i18n:org.pentaho.di.trans.step:BaseStep.Category.Lookup</category> <tooltip>i18n:org.pentaho.di.trans.step:BaseStep.TypeTooltipDesc.CallDBProcedure</tooltip> <iconfile>ui/images/PRC.svg</iconfile> <documentation_url>http://wiki.pentaho.com/display/EAI/Call+DB+Procedure</documentation_url> <cases_url/> <forum_url/> </step>
 <step id="Denormaliser"> <description>i18n:org.pentaho.di.trans.step:BaseStep.TypeLongDesc.RowDenormaliser</description> <classname>org.pentaho.di.trans.steps.denormaliser.DenormaliserMeta</classname> <category>i18n:org.pentaho.di.trans.step:BaseStep.Category.Transform</category> <tooltip>i18n:org.pentaho.di.trans.step:BaseStep.TypeTooltipDesc.RowsDenormalises</tooltip> <iconfile>ui/images/UNP.svg</iconfile> <documentation_url>http://wiki.pentaho.com/display/EAI/Row+De-normalizer</documentation_url> <cases_url/> <forum_url/> </step>
 <step id="Normaliser"> <description>i18n:org.pentaho.di.trans.step:BaseStep.TypeLongDesc.RowNormaliser</description> <classname>org.pentaho.di.trans.steps.normaliser.NormaliserMeta</classname> <category>i18n:org.pentaho.di.trans.step:BaseStep.Category.Transform</category> <tooltip>i18n:org.pentaho.di.trans.step:BaseStep.TypeTooltipDesc.RowNormaliser</tooltip> <iconfile>ui/images/NRM.svg</iconfile> <documentation_url>http://wiki.pentaho.com/display/EAI/Row+Normalizer</documentation_url> <cases_url/> <forum_url/> </step>
 <step id="Flattener,Flatterner"> <description>i18n:org.pentaho.di.trans.step:BaseStep.TypeLongDesc.RowFalttener</description> <classname>org.pentaho.di.trans.steps.flattener.FlattenerMeta</classname> <category>i18n:org.pentaho.di.trans.step:BaseStep.Category.Transform</category> <tooltip>i18n:org.pentaho.di.trans.step:BaseStep.TypeTooltipDesc.Rowflattener</tooltip> <iconfile>ui/images/FLA.svg</iconfile> <documentation_url/> <cases_url/> <forum_url/> </step>
 <step id="XBaseInput"> <description>i18n:org.pentaho.di.trans.step:BaseStep.TypeLongDesc.XBaseInput</description> <classname>org.pentaho.di.trans.steps.xbaseinput.XBaseInputMeta</classname> <category>i18n:org.pentaho.di.trans.step:BaseStep.Category.Input</category> <tooltip>i18n:org.pentaho.di.trans.step:BaseStep.TypeTooltipDesc.XBaseinput</tooltip> <iconfile>ui/images/XBI.svg</iconfile> <documentation_url>http://wiki.pentaho.com/display/EAI/XBase+Input</documentation_url> <cases_url/> <forum_url/> </step>
 <step id="AccessOutput"> <description>i18n:org.pentaho.di.trans.step:BaseStep.TypeLongDesc.AccessOutput</description> <classname>org.pentaho.di.trans.steps.accessoutput.AccessOutputMeta</classname> <category>i18n:org.pentaho.di.trans.step:BaseStep.Category.Output</category> <tooltip>i18n:org.pentaho.di.trans.step:BaseStep.TypeTooltipDesc.AccessOutput</tooltip> <iconfile>ui/images/ACO.svg</iconfile> <documentation_url>http://wiki.pentaho.com/display/EAI/Access+Output</documentation_url> <cases_url/> <forum_url/> </step>
 <step id="RegexEval"> <description>i18n:org.pentaho.di.trans.step:BaseStep.TypeLongDesc.RegexEval</description> <classname>org.pentaho.di.trans.steps.regexeval.RegexEvalMeta</classname> <category>i18n:org.pentaho.di.trans.step:BaseStep.Category.Scripting</category> <tooltip>i18n:org.pentaho.di.trans.step:BaseStep.TypeTooltipDesc.RegexEval</tooltip> <iconfile>ui/images/RGE.svg</iconfile> <documentation_url>http://wiki.pentaho.com/display/EAI/Regex+Evaluation</documentation_url> <cases_url/> <forum_url/> </step>
 <step id="AccessInput"> <description>i18n:org.pentaho.di.trans.step:BaseStep.TypeLongDesc.AccessInput</description> <classname>org.pentaho.di.trans.steps.accessinput.AccessInputMeta</classname> <category>i18n:org.pentaho.di.trans.step:BaseStep.Category.Input</category> <tooltip>i18n:org.pentaho.di.trans.step:BaseStep.TypeTooltipDesc.AccessInput</tooltip> <iconfile>ui/images/ACI.svg</iconfile> <documentation_url>http://wiki.pentaho.com/display/EAI/Access+Input</documentation_url> <cases_url/> <forum_url/> </step>
 <step id="MondrianInput"> <description>i18n:org.pentaho.di.trans.step:BaseStep.TypeLongDesc.MondrianInput</description> <classname>org.pentaho.di.trans.steps.mondrianinput.MondrianInputMeta</classname> <category>i18n:org.pentaho.di.trans.step:BaseStep.Category.Input</category> <tooltip>i18n:org.pentaho.di.trans.step:BaseStep.TypeTooltipDesc.MondrianInput</tooltip> <iconfile>ui/images/MON.svg</iconfile> <documentation_url>http://wiki.pentaho.com/display/EAI/Mondrian+Input</documentation_url> <cases_url/> <forum_url/> </step>
 <step id="OlapInput"> <description>i18n:org.pentaho.di.trans.step:BaseStep.TypeLongDesc.OlapInput</description> <classname>org.pentaho.di.trans.steps.olapinput.OlapInputMeta</classname> <category>i18n:org.pentaho.di.trans.step:BaseStep.Category.Input</category> <tooltip>i18n:org.pentaho.di.trans.step:BaseStep.TypeTooltipDesc.OlapInput</tooltip> <iconfile>ui/images/MON.svg</iconfile> <documentation_url>http://wiki.pentaho.com/display/EAI/OLAP+Input</documentation_url> <cases_url/> <forum_url/> </step>
 <step id="GetFilesRowsCount"> <description>i18n:org.pentaho.di.trans.step:BaseStep.TypeLongDesc.GetFilesRowsCount</description> <classname>org.pentaho.di.trans.steps.getfilesrowscount.GetFilesRowsCountMeta</classname> <category>i18n:org.pentaho.di.trans.step:BaseStep.Category.Input</category> <tooltip>i18n:org.pentaho.di.trans.step:BaseStep.TypeTooltipDesc.GetFilesRowsCount</tooltip> <iconfile>ui/images/FRC.svg</iconfile> <documentation_url>http://wiki.pentaho.com/display/EAI/Get+Files+Rows+Count</documentation_url> <cases_url/> <forum_url/> </step>
 <step id="LDAPInput"> <description>i18n:org.pentaho.di.trans.step:BaseStep.TypeLongDesc.LDAPInput</description> <classname>org.pentaho.di.trans.steps.ldapinput.LDAPInputMeta</classname> <category>i18n:org.pentaho.di.trans.step:BaseStep.Category.Input</category> <tooltip>i18n:org.pentaho.di.trans.step:BaseStep.TypeTooltipDesc.LDAPInput</tooltip> <iconfile>ui/images/LIP.svg</iconfile> <documentation_url>http://wiki.pentaho.com/display/EAI/LDAP+Input</documentation_url> <cases_url/> <forum_url/> </step>
 <step id="Validator"> <description>i18n:org.pentaho.di.trans.step:BaseStep.TypeLongDesc.Validator</description> <classname>org.pentaho.di.trans.steps.validator.ValidatorMeta</classname> <category>i18n:org.pentaho.di.trans.step:BaseStep.Category.Validation</category> <tooltip>i18n:org.pentaho.di.trans.step:BaseStep.TypeTooltipDesc.Validator</tooltip> <iconfile>ui/images/VLD.svg</iconfile> <documentation_url>http://wiki.pentaho.com/display/EAI/Data+Validator</documentation_url> <cases_url/> <forum_url/> </step>
 <step id="SQLFileOutput"> <description>i18n:org.pentaho.di.trans.step:BaseStep.TypeLongDesc.SQLFileOutput</description> <classname>org.pentaho.di.trans.steps.sqlfileoutput.SQLFileOutputMeta</classname> <category>i18n:org.pentaho.di.trans.step:BaseStep.Category.Output</category> <tooltip>i18n:org.pentaho.di.trans.step:BaseStep.TypeTooltipDesc.SQLFileOutput</tooltip> <iconfile>ui/images/SFO.svg</iconfile> <documentation_url>http://wiki.pentaho.com/display/EAI/SQL+File+Output</documentation_url> <cases_url/> <forum_url/> </step>
 <step id="SplitFieldToRows3"> <description>i18n:org.pentaho.di.trans.step:BaseStep.TypeLongDesc.SplitFieldToRows3</description> <classname>org.pentaho.di.trans.steps.splitfieldtorows.SplitFieldToRowsMeta</classname> <category>i18n:org.pentaho.di.trans.step:BaseStep.Category.Transform</category> <tooltip>i18n:org.pentaho.di.trans.step:BaseStep.TypeTooltipDesc.SplitFieldToRows3</tooltip> <iconfile>ui/images/SFtR.svg</iconfile> <documentation_url>http://wiki.pentaho.com/display/EAI/Split+field+to+rows</documentation_url> <cases_url/> <forum_url/> </step>
 <step id="PropertyInput"> <description>i18n:org.pentaho.di.trans.step:BaseStep.TypeLongDesc.PropertyInput</description> <classname>org.pentaho.di.trans.steps.propertyinput.PropertyInputMeta</classname> <category>i18n:org.pentaho.di.trans.step:BaseStep.Category.Input</category> <tooltip>i18n:org.pentaho.di.trans.step:BaseStep.TypeTooltipDesc.PropertyInput</tooltip> <iconfile>ui/images/PFI.svg</iconfile> <documentation_url>http://wiki.pentaho.com/display/EAI/Property+Input</documentation_url> <cases_url/> <forum_url/> </step>
 <step id="PGBulkLoader"> <description>i18n:org.pentaho.di.trans.step:BaseStep.TypeLongDesc.PGBulkLoader</description> <classname>org.pentaho.di.trans.steps.pgbulkloader.PGBulkLoaderMeta</classname> <category>i18n:org.pentaho.di.trans.step:BaseStep.Category.Bulk</category> <tooltip>i18n:org.pentaho.di.trans.step:BaseStep.TypeTooltipDesc.PGBulkLoader</tooltip> <iconfile>ui/images/BLKPG.svg</iconfile> <documentation_url>http://wiki.pentaho.com/display/EAI/PostgreSQL+Bulk+Loader</documentation_url> <cases_url/> <forum_url/> </step>
 <step id="LDIFInput"> <description>i18n:org.pentaho.di.trans.step:BaseStep.TypeLongDesc.LDIFInput</description> <classname>org.pentaho.di.trans.steps.ldifinput.LDIFInputMeta</classname> <category>i18n:org.pentaho.di.trans.step:BaseStep.Category.Input</category> <tooltip>i18n:org.pentaho.di.trans.step:BaseStep.TypeTooltipDesc.LDIFInput</tooltip> <iconfile>ui/images/LDI.svg</iconfile> <documentation_url>http://wiki.pentaho.com/display/EAI/LDIF+Input</documentation_url> <cases_url/> <forum_url/> </step>
 <step id="PropertyOutput"> <description>i18n:org.pentaho.di.trans.step:BaseStep.TypeLongDesc.PropertyOutput</description> <classname>org.pentaho.di.trans.steps.propertyoutput.PropertyOutputMeta</classname> <category>i18n:org.pentaho.di.trans.step:BaseStep.Category.Output</category> <tooltip>i18n:org.pentaho.di.trans.step:BaseStep.TypeTooltipDesc.PropertyOutput</tooltip> <iconfile>ui/images/PFO.svg</iconfile> <documentation_url/> <cases_url/> <forum_url/> </step>
 <step id="SwitchCase"> <description>i18n:org.pentaho.di.trans.step:BaseStep.TypeLongDesc.SwitchCase</description> <classname>org.pentaho.di.trans.steps.switchcase.SwitchCaseMeta</classname> <category>i18n:org.pentaho.di.trans.step:BaseStep.Category.Flow</category> <tooltip>i18n:org.pentaho.di.trans.step:BaseStep.TypeTooltipDesc.SwitchCase</tooltip> <iconfile>ui/images/SWC.svg</iconfile> <documentation_url>http://wiki.pentaho.com/display/EAI/Switch-Case</documentation_url> <cases_url/> <forum_url/> </step>
 <step id="StepMetastructure"> <description>i18n:org.pentaho.di.trans.step:BaseStep.TypeLongDesc.StepMetastructure</description> <classname>org.pentaho.di.trans.steps.stepmeta.StepMetastructureMeta</classname> <category>i18n:org.pentaho.di.trans.step:BaseStep.Category.Utility</category> <tooltip>i18n:org.pentaho.di.trans.step:BaseStep.TypeTooltipDesc.StepMetastructure</tooltip> <iconfile>ui/images/STMD.svg</iconfile> <documentation_url>http://wiki.pentaho.com/display/EAI/Metadata+Structure+of+Stream</documentation_url> <cases_url/> <forum_url/> </step>
 <step id="TableExists"> <description>i18n:org.pentaho.di.trans.step:BaseStep.TypeLongDesc.TableExists</description> <classname>org.pentaho.di.trans.steps.tableexists.TableExistsMeta</classname> <category>i18n:org.pentaho.di.trans.step:BaseStep.Category.Lookup</category> <tooltip>i18n:org.pentaho.di.trans.step:BaseStep.TypeTooltipDesc.TableExists</tooltip> <iconfile>ui/images/TEX.svg</iconfile> <documentation_url>http://wiki.pentaho.com/display/EAI/Table+Exists</documentation_url> <cases_url/> <forum_url/> </step>
 <step id="ColumnExists"> <description>i18n:org.pentaho.di.trans.step:BaseStep.TypeLongDesc.ColumnExists</description> <classname>org.pentaho.di.trans.steps.columnexists.ColumnExistsMeta</classname> <category>i18n:org.pentaho.di.trans.step:BaseStep.Category.Lookup</category> <tooltip>i18n:org.pentaho.di.trans.step:BaseStep.TypeTooltipDesc.ColumnExists</tooltip> <iconfile>ui/images/CEX.svg</iconfile> <documentation_url>http://wiki.pentaho.com/display/EAI/Check+if+a+column+exists</documentation_url> <cases_url/> <forum_url/> </step>
 <step id="FileExists"> <description>i18n:org.pentaho.di.trans.step:BaseStep.TypeLongDesc.FileExists</description> <classname>org.pentaho.di.trans.steps.fileexists.FileExistsMeta</classname> <category>i18n:org.pentaho.di.trans.step:BaseStep.Category.Lookup</category> <tooltip>i18n:org.pentaho.di.trans.step:BaseStep.TypeTooltipDesc.FileExists</tooltip> <iconfile>ui/images/FEX.svg</iconfile> <documentation_url>http://wiki.pentaho.com/display/EAI/File+exists</documentation_url> <cases_url/> <forum_url/> </step>
 <step id="CloneRow"> <description>i18n:org.pentaho.di.trans.step:BaseStep.TypeLongDesc.CloneRow</description> <classname>org.pentaho.di.trans.steps.clonerow.CloneRowMeta</classname> <category>i18n:org.pentaho.di.trans.step:BaseStep.Category.Utility</category> <tooltip>i18n:org.pentaho.di.trans.step:BaseStep.TypeTooltipDesc.CloneRow</tooltip> <iconfile>ui/images/CLR.svg</iconfile> <documentation_url>http://wiki.pentaho.com/display/EAI/Clone+row</documentation_url> <cases_url/> <forum_url/> </step>
 <step id="Delay"> <description>i18n:org.pentaho.di.trans.step:BaseStep.TypeLongDesc.Delay</description> <classname>org.pentaho.di.trans.steps.delay.DelayMeta</classname> <category>i18n:org.pentaho.di.trans.step:BaseStep.Category.Utility</category> <tooltip>i18n:org.pentaho.di.trans.step:BaseStep.TypeTooltipDesc.Delay</tooltip> <iconfile>ui/images/DLT.svg</iconfile> <documentation_url>http://wiki.pentaho.com/display/EAI/Delay+row</documentation_url> <cases_url/> <forum_url/> </step>
 <step id="CheckSum"> <description>i18n:org.pentaho.di.trans.step:BaseStep.TypeLongDesc.CheckSum</description> <classname>org.pentaho.di.trans.steps.checksum.CheckSumMeta</classname> <category>i18n:org.pentaho.di.trans.step:BaseStep.Category.Transform</category> <tooltip>i18n:org.pentaho.di.trans.step:BaseStep.TypeTooltipDesc.CheckSum</tooltip> <iconfile>ui/images/CSM.svg</iconfile> <documentation_url>http://wiki.pentaho.com/display/EAI/Add+a+checksum</documentation_url> <cases_url/> <forum_url/> </step>
 <step id="RandomValue"> <description>i18n:org.pentaho.di.trans.step:BaseStep.TypeLongDesc.RandomValue</description> <classname>org.pentaho.di.trans.steps.randomvalue.RandomValueMeta</classname> <category>i18n:org.pentaho.di.trans.step:BaseStep.Category.Input</category> <tooltip>i18n:org.pentaho.di.trans.step:BaseStep.TypeTooltipDesc.RandomValue</tooltip> <iconfile>ui/images/RVA.svg</iconfile> <documentation_url>http://wiki.pentaho.com/display/EAI/Generate+Random+Value</documentation_url> <cases_url/> <forum_url/> </step>
 <step id="GetSubFolders"> <description>i18n:org.pentaho.di.trans.step:BaseStep.TypeLongDesc.GetSubFolders</description> <classname>org.pentaho.di.trans.steps.getsubfolders.GetSubFoldersMeta</classname> <category>i18n:org.pentaho.di.trans.step:BaseStep.Category.Input</category> <tooltip>i18n:org.pentaho.di.trans.step:BaseStep.TypeTooltipDesc.GetSubFolders</tooltip> <iconfile>ui/images/LSF.svg</iconfile> <documentation_url/> <cases_url/> <forum_url/> </step>
 <step id="MonetDBBulkLoader"> <description>i18n:org.pentaho.di.trans.step:BaseStep.TypeLongDesc.MonetDBBulkLoader</description> <classname>org.pentaho.di.trans.steps.monetdbbulkloader.MonetDBBulkLoaderMeta</classname> <category>i18n:org.pentaho.di.trans.step:BaseStep.Category.Bulk</category> <tooltip>i18n:org.pentaho.di.trans.step:BaseStep.TypeTooltipDesc.MonetDBBulkLoader</tooltip> <iconfile>ui/images/BLKM.svg</iconfile> <documentation_url/> <cases_url/> <forum_url/> </step>
 <step id="MonetDBAgileMart"> <description>i18n:org.pentaho.di.trans.step:BaseStep.TypeLongDesc.MonetDBAgileMart</description> <classname>org.pentaho.di.trans.steps.monetdbagilemart.MonetDBAgileMartMeta</classname> <category>i18n:org.pentaho.di.trans.step:BaseStep.Category.Agile</category> <tooltip>i18n:org.pentaho.di.trans.step:BaseStep.TypeTooltipDesc.MonetDBAgileMart</tooltip> <iconfile>ui/images/MDBAM.svg</iconfile> <documentation_url/> <cases_url/> <forum_url/> </step>
 <step id="MailValidator"> <description>i18n:org.pentaho.di.trans.step:BaseStep.TypeLongDesc.MailValidator</description> <classname>org.pentaho.di.trans.steps.mailvalidator.MailValidatorMeta</classname> <category>i18n:org.pentaho.di.trans.step:BaseStep.Category.Validation</category> <tooltip>i18n:org.pentaho.di.trans.step:BaseStep.TypeTooltipDesc.MailValidator</tooltip> <iconfile>ui/images/MAV.svg</iconfile> <documentation_url>http://wiki.pentaho.com/display/EAI/Mail+Validator</documentation_url> <cases_url/> <forum_url/> </step>
 <step id="Mail"> <description>i18n:org.pentaho.di.trans.step:BaseStep.TypeLongDesc.Mail</description> <classname>org.pentaho.di.trans.steps.mail.MailMeta</classname> <category>i18n:org.pentaho.di.trans.step:BaseStep.Category.Utility</category> <tooltip>i18n:org.pentaho.di.trans.step:BaseStep.TypeTooltipDesc.Mail</tooltip> <iconfile>ui/images/MAIL.svg</iconfile> <documentation_url>http://wiki.pentaho.com/display/EAI/Mail_transformation</documentation_url> <cases_url/> <forum_url/> </step>
 <step id="CreditCardValidator"> <description>i18n:org.pentaho.di.trans.step:BaseStep.TypeLongDesc.CreditCardValidator</description> <classname>org.pentaho.di.trans.steps.creditcardvalidator.CreditCardValidatorMeta</classname> <category>i18n:org.pentaho.di.trans.step:BaseStep.Category.Validation</category> <tooltip>i18n:org.pentaho.di.trans.step:BaseStep.TypeTooltipDesc.CreditCardValidator</tooltip> <iconfile>ui/images/CCV.svg</iconfile> <documentation_url>http://wiki.pentaho.com/display/EAI/Credit+card+validator</documentation_url> <cases_url/> <forum_url/> </step>
 <step id="ProcessFiles"> <description>i18n:org.pentaho.di.trans.step:BaseStep.TypeLongDesc.ProcessFiles</description> <classname>org.pentaho.di.trans.steps.processfiles.ProcessFilesMeta</classname> <category>i18n:org.pentaho.di.trans.step:BaseStep.Category.Utility</category> <tooltip>i18n:org.pentaho.di.trans.step:BaseStep.TypeTooltipDesc.ProcessFiles</tooltip> <iconfile>ui/images/PPF.svg</iconfile> <documentation_url>http://wiki.pentaho.com/display/EAI/Process+files</documentation_url> <cases_url/> <forum_url/> </step>
 <step id="DetectLastRow"> <description>i18n:org.pentaho.di.trans.step:BaseStep.TypeLongDesc.DetectLastRow</description> <classname>org.pentaho.di.trans.steps.detectlastrow.DetectLastRowMeta</classname> <category>i18n:org.pentaho.di.trans.step:BaseStep.Category.Flow</category> <tooltip>i18n:org.pentaho.di.trans.step:BaseStep.TypeTooltipDesc.DetectLastRow</tooltip> <iconfile>ui/images/DLR.svg</iconfile> <documentation_url/> <cases_url/> <forum_url/> </step>
 <step id="DetectEmptyStream"> <description>i18n:org.pentaho.di.trans.step:BaseStep.TypeLongDesc.DetectEmptyStream</description> <classname>org.pentaho.di.trans.steps.detectemptystream.DetectEmptyStreamMeta</classname> <category>i18n:org.pentaho.di.trans.step:BaseStep.Category.Flow</category> <tooltip>i18n:org.pentaho.di.trans.step:BaseStep.TypeTooltipDesc.DetectEmptyStream</tooltip> <iconfile>ui/images/EMS.svg</iconfile> <documentation_url>http://wiki.pentaho.com/display/EAI/Detect+empty+stream</documentation_url> <cases_url/> <forum_url/> </step>
 <step id="WriteToLog"> <description>i18n:org.pentaho.di.trans.step:BaseStep.TypeLongDesc.WriteToLog</description> <classname>org.pentaho.di.trans.steps.writetolog.WriteToLogMeta</classname> <category>i18n:org.pentaho.di.trans.step:BaseStep.Category.Utility</category> <tooltip>i18n:org.pentaho.di.trans.step:BaseStep.TypeTooltipDesc.WriteToLog</tooltip> <iconfile>ui/images/WTL.svg</iconfile> <documentation_url>http://wiki.pentaho.com/display/EAI/Write+to+log</documentation_url> <cases_url/> <forum_url/> </step>
 <step id="SampleRows"> <description>i18n:org.pentaho.di.trans.step:BaseStep.TypeLongDesc.SampleRows</description> <classname>org.pentaho.di.trans.steps.samplerows.SampleRowsMeta</classname> <category>i18n:org.pentaho.di.trans.step:BaseStep.Category.Statistics</category> <tooltip>i18n:org.pentaho.di.trans.step:BaseStep.TypeTooltipDesc.SampleRows</tooltip> <iconfile>ui/images/SR.svg</iconfile> <documentation_url>http://wiki.pentaho.com/display/EAI/Sample+rows</documentation_url> <cases_url/> <forum_url/> </step>
 <step id="ExecSQLRow"> <description>i18n:org.pentaho.di.trans.step:BaseStep.TypeLongDesc.ExecSQLRow</description> <classname>org.pentaho.di.trans.steps.execsqlrow.ExecSQLRowMeta</classname> <category>i18n:org.pentaho.di.trans.step:BaseStep.Category.Scripting</category> <tooltip>i18n:org.pentaho.di.trans.step:BaseStep.TypeTooltipDesc.ExecSQLRow</tooltip> <iconfile>ui/images/SQLR.svg</iconfile> <documentation_url>http://wiki.pentaho.com/display/EAI/Execute+row+SQL+script</documentation_url> <cases_url/> <forum_url/> </step>
 <step id="DynamicSQLRow"> <description>i18n:org.pentaho.di.trans.step:BaseStep.TypeLongDesc.DynamicSQLRow</description> <classname>org.pentaho.di.trans.steps.dynamicsqlrow.DynamicSQLRowMeta</classname> <category>i18n:org.pentaho.di.trans.step:BaseStep.Category.Lookup</category> <tooltip>i18n:org.pentaho.di.trans.step:BaseStep.TypeTooltipDesc.DynamicSQLRow</tooltip> <iconfile>ui/images/DSR.svg</iconfile> <documentation_url>http://wiki.pentaho.com/display/EAI/Dynamic+SQL+row</documentation_url> <cases_url/> <forum_url/> </step>
 <step id="NumberRange"> <description>i18n:org.pentaho.di.trans.step:BaseStep.TypeLongDesc.NumberRange</description> <classname>org.pentaho.di.trans.steps.numberrange.NumberRangeMeta</classname> <category>i18n:org.pentaho.di.trans.step:BaseStep.Category.Transform</category> <tooltip>i18n:org.pentaho.di.trans.step:BaseStep.TypeTooltipDesc.NumberRange</tooltip> <iconfile>ui/images/NRI.svg</iconfile> <documentation_url/> <cases_url/> <forum_url/> </step>
 <step id="SynchronizeAfterMerge"> <description>i18n:org.pentaho.di.trans.step:BaseStep.TypeLongDesc.SynchronizeAfterMerge</description> <classname>org.pentaho.di.trans.steps.synchronizeaftermerge.SynchronizeAfterMergeMeta</classname> <category>i18n:org.pentaho.di.trans.step:BaseStep.Category.Output</category> <tooltip>i18n:org.pentaho.di.trans.step:BaseStep.TypeTooltipDesc.SynchronizeAfterMerge</tooltip> <iconfile>ui/images/SAM.svg</iconfile> <documentation_url>http://wiki.pentaho.com/display/EAI/Synchronize+after+merge</documentation_url> <cases_url/> <forum_url/> </step>
 <step id="MySQLBulkLoader"> <description>i18n:org.pentaho.di.trans.step:BaseStep.TypeLongDesc.MySQLBulkLoader</description> <classname>org.pentaho.di.trans.steps.mysqlbulkloader.MySQLBulkLoaderMeta</classname> <category>i18n:org.pentaho.di.trans.step:BaseStep.Category.Bulk</category> <tooltip>i18n:org.pentaho.di.trans.step:BaseStep.TypeTooltipDesc.MySQLBulkLoader</tooltip> <iconfile>ui/images/BLKMYSQL.svg</iconfile> <documentation_url>http://wiki.pentaho.com/display/EAI/MySQL+Bulk+Loader</documentation_url> <cases_url/> <forum_url/> </step>
 <step id="ReplaceString"> <description>i18n:org.pentaho.di.trans.step:BaseStep.TypeLongDesc.ReplaceString</description> <classname>org.pentaho.di.trans.steps.replacestring.ReplaceStringMeta</classname> <category>i18n:org.pentaho.di.trans.step:BaseStep.Category.Transform</category> <tooltip>i18n:org.pentaho.di.trans.step:BaseStep.TypeTooltipDesc.ReplaceString</tooltip> <iconfile>ui/images/RST.svg</iconfile> <documentation_url>http://wiki.pentaho.com/display/EAI/Replace+in+String</documentation_url> <cases_url/> <forum_url/> </step>
 <step id="StringCut"> <description>i18n:org.pentaho.di.trans.step:BaseStep.TypeLongDesc.StringCut</description> <classname>org.pentaho.di.trans.steps.stringcut.StringCutMeta</classname> <category>i18n:org.pentaho.di.trans.step:BaseStep.Category.Transform</category> <tooltip>i18n:org.pentaho.di.trans.step:BaseStep.TypeTooltipDesc.StringCut</tooltip> <iconfile>ui/images/SRC.svg</iconfile> <documentation_url/> <cases_url/> <forum_url/> </step>
 <step id="IfNull"> <description>i18n:org.pentaho.di.trans.step:BaseStep.TypeLongDesc.IfNull</description> <classname>org.pentaho.di.trans.steps.ifnull.IfNullMeta</classname> <category>i18n:org.pentaho.di.trans.step:BaseStep.Category.Utility</category> <tooltip>i18n:org.pentaho.di.trans.step:BaseStep.TypeTooltipDesc.IfNull</tooltip> <iconfile>ui/images/IFN.svg</iconfile> <documentation_url>http://wiki.pentaho.com/display/EAI/If+field+value+is+null</documentation_url> <cases_url/> <forum_url/> </step>
 <step id="RssOutput"> <description>i18n:org.pentaho.di.trans.step:BaseStep.TypeLongDesc.RssOutput</description> <classname>org.pentaho.di.trans.steps.rssoutput.RssOutputMeta</classname> <category>i18n:org.pentaho.di.trans.step:BaseStep.Category.Output</category> <tooltip>i18n:org.pentaho.di.trans.step:BaseStep.TypeTooltipDesc.RssOutput</tooltip> <iconfile>ui/images/RRO.svg</iconfile> <documentation_url/> <cases_url/> <forum_url/> </step>
 <step id="RssInput"> <description>i18n:org.pentaho.di.trans.step:BaseStep.TypeLongDesc.RssInput</description> <classname>org.pentaho.di.trans.steps.rssinput.RssInputMeta</classname> <category>i18n:org.pentaho.di.trans.step:BaseStep.Category.Input</category> <tooltip>i18n:org.pentaho.di.trans.step:BaseStep.TypeTooltipDesc.RssInput</tooltip> <iconfile>ui/images/RIN.svg</iconfile> <documentation_url>http://wiki.pentaho.com/display/EAI/RSS+Input</documentation_url> <cases_url/> <forum_url/> </step>
 <step id="Formula"> <description>i18n:org.pentaho.di.trans.step:BaseStep.TypeLongDesc.Formula</description> <classname>org.pentaho.di.trans.steps.formula.FormulaMeta</classname> <category>i18n:org.pentaho.di.trans.step:BaseStep.Category.Scripting</category> <tooltip>i18n:org.pentaho.di.trans.step:BaseStep.TypeTooltipDesc.Formula</tooltip> <iconfile>ui/images/FRM.svg</iconfile> <documentation_url>http://wiki.pentaho.com/display/EAI/Formula</documentation_url> <cases_url/> <forum_url/> </step>
 <step id="Janino"> <description>i18n:org.pentaho.di.trans.step:BaseStep.TypeLongDesc.Janino</description> <classname>org.pentaho.di.trans.steps.janino.JaninoMeta</classname> <category>i18n:org.pentaho.di.trans.step:BaseStep.Category.Scripting</category> <tooltip>i18n:org.pentaho.di.trans.step:BaseStep.TypeTooltipDesc.Janino</tooltip> <iconfile>ui/images/janino.svg</iconfile> <documentation_url>http://wiki.pentaho.com/display/EAI/User+Defined+Java+Expression</documentation_url> <cases_url/> <forum_url/> </step>
 <step id="ReservoirSampling"> <description>i18n:org.pentaho.di.trans.step:BaseStep.TypeLongDesc.ReservoirSampling</description> <classname>org.pentaho.di.trans.steps.reservoirsampling.ReservoirSamplingMeta</classname> <category>i18n:org.pentaho.di.trans.step:BaseStep.Category.Statistics</category> <tooltip>i18n:org.pentaho.di.trans.step:BaseStep.TypeTooltipDesc.ReservoirSampling</tooltip> <iconfile>ui/images/RS.svg</iconfile> <documentation_url>http://wiki.pentaho.com/display/DATAMINING/Using+the+Reservoir+Sampling+Plugin</documentation_url> <cases_url/> <forum_url/> </step>
 <step id="UnivariateStats"> <description>i18n:org.pentaho.di.trans.step:BaseStep.TypeLongDesc.UnivariateStats</description> <classname>org.pentaho.di.trans.steps.univariatestats.UnivariateStatsMeta</classname> <category>i18n:org.pentaho.di.trans.step:BaseStep.Category.Statistics</category> <tooltip>i18n:org.pentaho.di.trans.step:BaseStep.TypeTooltipDesc.UnivariateStats</tooltip> <iconfile>ui/images/US.svg</iconfile> <documentation_url>http://wiki.pentaho.com/display/DATAMINING/Using+the+Univariate+Statistics+Plugin</documentation_url> <cases_url/> <forum_url/> </step>
 <step id="UniqueRowsByHashSet"> <description>i18n:org.pentaho.di.trans.step:BaseStep.TypeLongDesc.UniqueRowsByHashSet</description> <classname>org.pentaho.di.trans.steps.uniquerowsbyhashset.UniqueRowsByHashSetMeta</classname> <category>i18n:org.pentaho.di.trans.step:BaseStep.Category.Transform</category> <tooltip>i18n:org.pentaho.di.trans.step:BaseStep.TypeTooltipDesc.UniqueRowsByHashSet</tooltip> <iconfile>ui/images/URH.svg</iconfile> <documentation_url/> <cases_url/> <forum_url/> </step>
 <step id="HTTPPOST"> <description>i18n:org.pentaho.di.trans.step:BaseStep.TypeLongDesc.HTTPPOST</description> <classname>org.pentaho.di.trans.steps.httppost.HTTPPOSTMeta</classname> <category>i18n:org.pentaho.di.trans.step:BaseStep.Category.Lookup</category> <tooltip>i18n:org.pentaho.di.trans.step:BaseStep.TypeTooltipDesc.HTTPPOST</tooltip> <iconfile>ui/images/HTP.svg</iconfile> <documentation_url>http://wiki.pentaho.com/display/EAI/HTTP+Post</documentation_url> <cases_url/> <forum_url/> </step>
 <step id="SetValueConstant"> <description>i18n:org.pentaho.di.trans.step:BaseStep.TypeLongDesc.SetValueConstant</description> <classname>org.pentaho.di.trans.steps.setvalueconstant.SetValueConstantMeta</classname> <category>i18n:org.pentaho.di.trans.step:BaseStep.Category.Transform</category> <tooltip>i18n:org.pentaho.di.trans.step:BaseStep.TypeTooltipDesc.SetValueConstant</tooltip> <iconfile>ui/images/SVC.svg</iconfile> <documentation_url/> <cases_url/> <forum_url/> </step>
 <step id="SetValueField"> <description>i18n:org.pentaho.di.trans.step:BaseStep.TypeLongDesc.SetValueField</description> <classname>org.pentaho.di.trans.steps.setvaluefield.SetValueFieldMeta</classname> <category>i18n:org.pentaho.di.trans.step:BaseStep.Category.Transform</category> <tooltip>i18n:org.pentaho.di.trans.step:BaseStep.TypeTooltipDesc.SetValueField</tooltip> <iconfile>ui/images/SVF.svg</iconfile> <documentation_url/> <cases_url/> <forum_url/> </step>
 <step id="ExecProcess"> <description>i18n:org.pentaho.di.trans.step:BaseStep.TypeLongDesc.ExecProcess</description> <classname>org.pentaho.di.trans.steps.execprocess.ExecProcessMeta</classname> <category>i18n:org.pentaho.di.trans.step:BaseStep.Category.Utility</category> <tooltip>i18n:org.pentaho.di.trans.step:BaseStep.TypeTooltipDesc.ExecProcess</tooltip> <iconfile>ui/images/RPL.svg</iconfile> <documentation_url>http://wiki.pentaho.com/display/EAI/Execute+a+process</documentation_url> <cases_url/> <forum_url/> </step>
 <step id="WebServiceLookup"> <description>i18n:org.pentaho.di.trans.step:BaseStep.TypeLongDesc.WebServiceLookup</description> <classname>org.pentaho.di.trans.steps.webservices.WebServiceMeta</classname> <category>i18n:org.pentaho.di.trans.step:BaseStep.Category.Lookup</category> <tooltip>i18n:org.pentaho.di.trans.step:BaseStep.TypeTooltipDesc.WebServiceLookup</tooltip> <iconfile>ui/images/WSL.svg</iconfile> <documentation_url>http://wiki.pentaho.com/display/EAI/Web+services+lookup</documentation_url> <cases_url/> <forum_url/> </step>
 <step id="CsvInput"> <description>i18n:org.pentaho.di.trans.step:BaseStep.TypeLongDesc.CsvInput</description> <classname>org.pentaho.di.trans.steps.csvinput.CsvInputMeta</classname> <category>i18n:org.pentaho.di.trans.step:BaseStep.Category.Input</category> <tooltip>i18n:org.pentaho.di.trans.step:BaseStep.TypeTooltipDesc.CsvInput</tooltip> <iconfile>ui/images/TFI.svg</iconfile> <documentation_url>http://wiki.pentaho.com/display/EAI/CSV+Input</documentation_url> <cases_url/> <forum_url/> </step>
 <step id="ParallelGzipCsvInput"> <description>i18n:org.pentaho.di.trans.step:BaseStep.TypeLongDesc.ParallelGzipCsvInput</description> <classname>org.pentaho.di.trans.steps.parallelgzipcsv.ParGzipCsvInputMeta</classname> <category>i18n:org.pentaho.di.trans.step:BaseStep.Category.Input</category> <tooltip>i18n:org.pentaho.di.trans.step:BaseStep.TypeTooltipDesc.ParallelGzipCsvInput</tooltip> <iconfile>ui/images/TFI.svg</iconfile> <documentation_url>http://wiki.pentaho.com/display/EAI/GZIP+CSV+Input</documentation_url> <cases_url/> <forum_url/> </step>
 <step id="MailInput"> <description>i18n:org.pentaho.di.trans.step:BaseStep.TypeLongDesc.MailInput</description> <classname>org.pentaho.di.trans.steps.mailinput.MailInputMeta</classname> <category>i18n:org.pentaho.di.trans.step:BaseStep.Category.Input</category> <tooltip>i18n:org.pentaho.di.trans.step:BaseStep.TypeTooltipDesc.MailInput</tooltip> <iconfile>ui/images/GETPOP.svg</iconfile> <documentation_url/> <cases_url/> <forum_url/> </step>
 <step id="GetTableNames"> <description>i18n:org.pentaho.di.trans.step:BaseStep.TypeLongDesc.GetTableNames</description> <classname>org.pentaho.di.trans.steps.gettablenames.GetTableNamesMeta</classname> <category>i18n:org.pentaho.di.trans.step:BaseStep.Category.Input</category> <tooltip>i18n:org.pentaho.di.trans.step:BaseStep.TypeTooltipDesc.GetTableNames</tooltip> <iconfile>ui/images/GTN.svg</iconfile> <documentation_url/> <cases_url/> <forum_url/> </step>
 <step id="UserDefinedJavaClass"> <description>i18n:org.pentaho.di.trans.step:BaseStep.TypeLongDesc.UserDefinedJavaClass</description> <classname>org.pentaho.di.trans.steps.userdefinedjavaclass.UserDefinedJavaClassMeta</classname> <category>i18n:org.pentaho.di.trans.step:BaseStep.Category.Scripting</category> <tooltip>i18n:org.pentaho.di.trans.step:BaseStep.TypeTooltipDesc.UserDefinedJavaClass</tooltip> <iconfile>ui/images/sScript.svg</iconfile> <documentation_url>http://wiki.pentaho.com/display/EAI/User+Defined+Java+Class</documentation_url> <cases_url/> <forum_url/> </step>
 <step id="DataGrid"> <description>i18n:org.pentaho.di.trans.step:BaseStep.TypeLongDesc.DataGrid</description> <classname>org.pentaho.di.trans.steps.datagrid.DataGridMeta</classname> <category>i18n:org.pentaho.di.trans.step:BaseStep.Category.Input</category> <tooltip>i18n:org.pentaho.di.trans.step:BaseStep.TypeTooltipDesc.DataGrid</tooltip> <iconfile>ui/images/GNR.svg</iconfile> <documentation_url>http://wiki.pentaho.com/display/EAI/Data+Grid</documentation_url> <cases_url/> <forum_url/> </step>
 <step id="Script"> <description>i18n:org.pentaho.di.trans.step:BaseStep.TypeLongDesc.Script</description> <classname>org.pentaho.di.trans.steps.script.ScriptMeta</classname> <category>i18n:org.pentaho.di.trans.step:BaseStep.Category.Experimental</category> <tooltip>i18n:org.pentaho.di.trans.step:BaseStep.TypeTooltipDesc.Script</tooltip> <iconfile>ui/images/SCR_mod.svg</iconfile> <documentation_url/> <cases_url/> <forum_url/> </step>
 <step id="TeraFast,TeraFastPlugin"> <description>i18n:org.pentaho.di.trans.step:BaseStep.TypeLongDesc.TeraFast</description> <classname>org.pentaho.di.trans.steps.terafast.TeraFastMeta</classname> <category>i18n:org.pentaho.di.trans.step:BaseStep.Category.Bulk</category> <tooltip>i18n:org.pentaho.di.trans.step:BaseStep.TypeTooltipDesc.TeraFast</tooltip> <iconfile>ui/images/BLKTD.svg</iconfile> <documentation_url/> <cases_url/> <forum_url/> </step>
 <step id="SapInput"> <description>i18n:org.pentaho.di.trans.step:BaseStep.TypeLongDesc.SapInput</description> <classname>org.pentaho.di.trans.steps.sapinput.SapInputMeta</classname> <category>i18n:org.pentaho.di.trans.step:BaseStep.Category.Input</category> <tooltip>i18n:org.pentaho.di.trans.step:BaseStep.TypeTooltipDesc.SapInput</tooltip> <iconfile>ui/images/SIP.svg</iconfile> <documentation_url>http://wiki.pentaho.com/display/EAI/SAP+Input</documentation_url> <cases_url/> <forum_url/> </step>
 <step id="ClosureGenerator"> <description>i18n:org.pentaho.di.trans.step:BaseStep.TypeLongDesc.ClosureGenerator</description> <classname>org.pentaho.di.trans.steps.closure.ClosureGeneratorMeta</classname> <category>i18n:org.pentaho.di.trans.step:BaseStep.Category.Transform</category> <tooltip>i18n:org.pentaho.di.trans.step:BaseStep.TypeTooltipDesc.ClosureGenerator</tooltip> <iconfile>ui/images/CLG.svg</iconfile> <documentation_url>http://wiki.pentaho.com/display/EAI/Closure+Generator</documentation_url> <cases_url/> <forum_url/> </step>
 <step id="CubeInput"> <description>i18n:org.pentaho.di.trans.step:BaseStep.TypeLongDesc.CubeInput</description> <classname>org.pentaho.di.trans.steps.cubeinput.CubeInputMeta</classname> <category>i18n:org.pentaho.di.trans.step:BaseStep.Category.Input</category> <tooltip>i18n:org.pentaho.di.trans.step:BaseStep.TypeTooltipDesc.Cubeinput</tooltip> <iconfile>ui/images/CIP.svg</iconfile> <documentation_url>http://wiki.pentaho.com/display/EAI/De-serialize+from+file</documentation_url> <cases_url/> <forum_url/> </step>
 <step id="CubeOutput"> <description>i18n:org.pentaho.di.trans.step:BaseStep.TypeLongDesc.CubeOutput</description> <classname>org.pentaho.di.trans.steps.cubeoutput.CubeOutputMeta</classname> <category>i18n:org.pentaho.di.trans.step:BaseStep.Category.Output</category> <tooltip>i18n:org.pentaho.di.trans.step:BaseStep.TypeTooltipDesc.Cubeoutput</tooltip> <iconfile>ui/images/COP.svg</iconfile> <documentation_url>http://wiki.pentaho.com/display/EAI/Serialize+to+file</documentation_url> <cases_url/> <forum_url/> </step>
 <step id="FieldsChangeSequence"> <description>i18n:org.pentaho.di.trans.step:BaseStep.TypeLongDesc.FieldsChangeSequence</description> <classname>org.pentaho.di.trans.steps.fieldschangesequence.FieldsChangeSequenceMeta</classname> <category>i18n:org.pentaho.di.trans.step:BaseStep.Category.Transform</category> <tooltip>i18n:org.pentaho.di.trans.step:BaseStep.TypeTooltipDesc.FieldsChangeSequence</tooltip> <iconfile>ui/images/CSEQ.svg</iconfile> <documentation_url>http://wiki.pentaho.com/display/EAI/Add+value+fields+changing+sequence</documentation_url> <cases_url/> <forum_url/> </step>
 <step id="FieldSplitter"> <description>i18n:org.pentaho.di.trans.step:BaseStep.TypeLongDesc.SplitFields</description> <classname>org.pentaho.di.trans.steps.fieldsplitter.FieldSplitterMeta</classname> <category>i18n:org.pentaho.di.trans.step:BaseStep.Category.Transform</category> <tooltip>i18n:org.pentaho.di.trans.step:BaseStep.TypeTooltipDesc.SplitFields</tooltip> <iconfile>ui/images/SPL.svg</iconfile> <documentation_url>http://wiki.pentaho.com/display/EAI/Field+Splitter</documentation_url> <cases_url/> <forum_url/> </step>
 <step id="FixedInput"> <description>i18n:org.pentaho.di.trans.step:BaseStep.TypeLongDesc.FixedInput</description> <classname>org.pentaho.di.trans.steps.fixedinput.FixedInputMeta</classname> <category>i18n:org.pentaho.di.trans.step:BaseStep.Category.Input</category> <tooltip>i18n:org.pentaho.di.trans.step:BaseStep.TypeTooltipDesc.FixedInput</tooltip> <iconfile>ui/images/TFI.svg</iconfile> <documentation_url>http://wiki.pentaho.com/display/EAI/Fixed+File+Input</documentation_url> <cases_url/> <forum_url/> </step>
 <step id="RowGenerator"> <description>i18n:org.pentaho.di.trans.step:BaseStep.TypeLongDesc.GenerateRows</description> <classname>org.pentaho.di.trans.steps.rowgenerator.RowGeneratorMeta</classname> <category>i18n:org.pentaho.di.trans.step:BaseStep.Category.Input</category> <tooltip>i18n:org.pentaho.di.trans.step:BaseStep.TypeTooltipDesc.GenerateRows</tooltip> <iconfile>ui/images/GEN.svg</iconfile> <documentation_url>http://wiki.pentaho.com/display/EAI/Generate+Rows</documentation_url> <cases_url/> <forum_url/> </step>
 <step id="ValueMapper"> <description>i18n:org.pentaho.di.trans.step:BaseStep.TypeLongDesc.ValueMapper</description> <classname>org.pentaho.di.trans.steps.valuemapper.ValueMapperMeta</classname> <category>i18n:org.pentaho.di.trans.step:BaseStep.Category.Transform</category> <tooltip>i18n:org.pentaho.di.trans.step:BaseStep.TypeTooltipDesc.MapValues</tooltip> <iconfile>ui/images/VMAP.svg</iconfile> <documentation_url>http://wiki.pentaho.com/display/EAI/Value+Mapper</documentation_url> <cases_url/> <forum_url/> </step>
 <step id="SyslogMessage"> <description>i18n:org.pentaho.di.trans.step:BaseStep.TypeLongDesc.SyslogMessage</description> <classname>org.pentaho.di.trans.steps.syslog.SyslogMessageMeta</classname> <category>i18n:org.pentaho.di.trans.step:BaseStep.Category.Utility</category> <tooltip>i18n:org.pentaho.di.trans.step:BaseStep.TypeTooltipDesc.SyslogMessage</tooltip> <iconfile>ui/images/SYL.svg</iconfile> <documentation_url/> <cases_url/> <forum_url/> </step>
 <step id="FileLocked"> <description>i18n:org.pentaho.di.trans.step:BaseStep.TypeLongDesc.FileLocked</description> <classname>org.pentaho.di.trans.steps.filelocked.FileLockedMeta</classname> <category>i18n:org.pentaho.di.trans.step:BaseStep.Category.Lookup</category> <tooltip>i18n:org.pentaho.di.trans.step:BaseStep.TypeTooltipDesc.FileLocked</tooltip> <iconfile>ui/images/CFL.svg</iconfile> <documentation_url>http://wiki.pentaho.com/display/EAI/Check+if+file+is+locked</documentation_url> <cases_url/> <forum_url/> </step>
 <step id="WebServiceAvailable"> <description>i18n:org.pentaho.di.trans.step:BaseStep.TypeLongDesc.WebServiceAvailable</description> <classname>org.pentaho.di.trans.steps.webserviceavailable.WebServiceAvailableMeta</classname> <category>i18n:org.pentaho.di.trans.step:BaseStep.Category.Lookup</category> <tooltip>i18n:org.pentaho.di.trans.step:BaseStep.TypeTooltipDesc.WebServiceAvailable</tooltip> <iconfile>ui/images/WSA.svg</iconfile> <documentation_url>http://wiki.pentaho.com/display/EAI/Check+if+webservice+is+available</documentation_url> <cases_url/> <forum_url/> </step>
 <step id="LoadFileInput"> <description>i18n:org.pentaho.di.trans.step:BaseStep.TypeLongDesc.LoadFileInput</description> <classname>org.pentaho.di.trans.steps.loadfileinput.LoadFileInputMeta</classname> <category>i18n:org.pentaho.di.trans.step:BaseStep.Category.Input</category> <tooltip>i18n:org.pentaho.di.trans.step:BaseStep.TypeTooltipDesc.LoadFileInput</tooltip> <iconfile>ui/images/LFI.svg</iconfile> <documentation_url/> <cases_url/> <forum_url/> </step>
 <step id="ChangeFileEncoding"> <description>i18n:org.pentaho.di.trans.step:BaseStep.TypeLongDesc.ChangeFileEncoding</description> <classname>org.pentaho.di.trans.steps.changefileencoding.ChangeFileEncodingMeta</classname> <category>i18n:org.pentaho.di.trans.step:BaseStep.Category.Utility</category> <tooltip>i18n:org.pentaho.di.trans.step:BaseStep.TypeTooltipDesc.ChangeFileEncoding</tooltip> <iconfile>ui/images/CFE.svg</iconfile> <documentation_url>http://wiki.pentaho.com/display/EAI/Change+file+encoding</documentation_url> <cases_url/> <forum_url/> </step>
 <step id="FuzzyMatch"> <description>i18n:org.pentaho.di.trans.step:BaseStep.TypeLongDesc.FuzzyMatch</description> <classname>org.pentaho.di.trans.steps.fuzzymatch.FuzzyMatchMeta</classname> <category>i18n:org.pentaho.di.trans.step:BaseStep.Category.Lookup</category> <tooltip>i18n:org.pentaho.di.trans.step:BaseStep.TypeTooltipDesc.FuzzyMatch</tooltip> <iconfile>ui/images/FZM.svg</iconfile> <documentation_url/> <cases_url/> <forum_url/> </step>
 <step id="SSH"> <description>i18n:org.pentaho.di.trans.step:BaseStep.TypeLongDesc.SSH</description> <classname>org.pentaho.di.trans.steps.ssh.SSHMeta</classname> <category>i18n:org.pentaho.di.trans.step:BaseStep.Category.Utility</category> <tooltip>i18n:org.pentaho.di.trans.step:BaseStep.TypeTooltipDesc.SSH</tooltip> <iconfile>ui/images/SSH.svg</iconfile> <documentation_url>http://wiki.pentaho.com/display/EAI/Run+SSH+commands</documentation_url> <cases_url/> <forum_url/> </step>
 <step id="RandomCCNumberGenerator"> <description>i18n:org.pentaho.di.trans.step:BaseStep.TypeLongDesc.RandomCCNumberGenerator</description> <classname>org.pentaho.di.trans.steps.randomccnumber.RandomCCNumberGeneratorMeta</classname> <category>i18n:org.pentaho.di.trans.step:BaseStep.Category.Input</category> <tooltip>i18n:org.pentaho.di.trans.step:BaseStep.TypeTooltipDesc.RandomCCNumberGenerator</tooltip> <iconfile>ui/images/CCG.svg</iconfile> <documentation_url>http://wiki.pentaho.com/display/EAI/Generate+random+credit+card+numbers</documentation_url> <cases_url/> <forum_url/> </step>
 <step id="LDAPOutput"> <description>i18n:org.pentaho.di.trans.step:BaseStep.TypeLongDesc.LDAPOutput</description> <classname>org.pentaho.di.trans.steps.ldapoutput.LDAPOutputMeta</classname> <category>i18n:org.pentaho.di.trans.step:BaseStep.Category.Output</category> <tooltip>i18n:org.pentaho.di.trans.step:BaseStep.TypeTooltipDesc.LDAPOutput</tooltip> <iconfile>ui/images/LDO.svg</iconfile> <documentation_url/> <cases_url/> <forum_url/> </step>
 <step id="MetaInject"> <description>i18n:org.pentaho.di.trans.step:BaseStep.TypeLongDesc.MetaInject</description> <classname>org.pentaho.di.trans.steps.metainject.MetaInjectMeta</classname> <category>i18n:org.pentaho.di.trans.step:BaseStep.Category.Flow</category> <tooltip>i18n:org.pentaho.di.trans.step:BaseStep.TypeTooltipDesc.MetaInject</tooltip> <iconfile>ui/images/GenericTransform.svg</iconfile> <documentation_url>https://help.pentaho.com/Documentation/6.1/0L0/0Y0/0K0/ETL_Metadata_Injection</documentation_url> <cases_url/> <forum_url/> </step>
 <step id="StringOperations"> <description>i18n:org.pentaho.di.trans.step:BaseStep.TypeLongDesc.StringOperations</description> <classname>org.pentaho.di.trans.steps.stringoperations.StringOperationsMeta</classname> <category>i18n:org.pentaho.di.trans.step:BaseStep.Category.Transform</category> <tooltip>i18n:org.pentaho.di.trans.step:BaseStep.TypeTooltipDesc.StringOperations</tooltip> <iconfile>ui/images/STM.svg</iconfile> <documentation_url/> <cases_url/> <forum_url/> </step>
 <step id="YamlInput"> <description>i18n:org.pentaho.di.trans.step:BaseStep.TypeLongDesc.YamlInput</description> <classname>org.pentaho.di.trans.steps.yamlinput.YamlInputMeta</classname> <category>i18n:org.pentaho.di.trans.step:BaseStep.Category.Input</category> <tooltip>i18n:org.pentaho.di.trans.step:BaseStep.TypeTooltipDesc.YamlInput</tooltip> <iconfile>ui/images/YamlI.svg</iconfile> <documentation_url/> <cases_url/> <forum_url/> </step>
 <step id="BlockUntilStepsFinish"> <description>i18n:org.pentaho.di.trans.step:BaseStep.TypeLongDesc.BlockUntilStepsFinish</description> <classname>org.pentaho.di.trans.steps.blockuntilstepsfinish.BlockUntilStepsFinishMeta</classname> <category>i18n:org.pentaho.di.trans.step:BaseStep.Category.Flow</category> <tooltip>i18n:org.pentaho.di.trans.step:BaseStep.TypeTooltipDesc.BlockUntilStepsFinish</tooltip> <iconfile>ui/images/WFS.svg</iconfile> <documentation_url>http://wiki.pentaho.com/display/EAI/Block+this+step+until+steps+finish</documentation_url> <cases_url/> <forum_url/> </step>
 <step id="StepsMetrics"> <description>i18n:org.pentaho.di.trans.step:BaseStep.TypeLongDesc.StepsMetrics</description> <classname>org.pentaho.di.trans.steps.stepsmetrics.StepsMetricsMeta</classname> <category>i18n:org.pentaho.di.trans.step:BaseStep.Category.Statistics</category> <tooltip>i18n:org.pentaho.di.trans.step:BaseStep.TypeTooltipDesc.StepsMetrics</tooltip> <iconfile>ui/images/SSTAS.svg</iconfile> <documentation_url/> <cases_url/> <forum_url/> </step>
 <step id="TypeExitExcelWriterStep"> <description>i18n:org.pentaho.di.trans.step:BaseStep.TypeLongDesc.TypeExitExcelWriterStep</description> <classname>org.pentaho.di.trans.steps.excelwriter.ExcelWriterStepMeta</classname> <category>i18n:org.pentaho.di.trans.step:BaseStep.Category.Output</category> <tooltip>i18n:org.pentaho.di.trans.step:BaseStep.TypeTooltipDesc.TypeExitExcelWriterStep</tooltip> <iconfile>ui/images/XWS.svg</iconfile> <documentation_url>http://wiki.pentaho.com/display/EAI/Microsoft+Excel+Writer</documentation_url> <cases_url/> <forum_url/> </step>
 <step id="PrioritizeStreams"> <description>i18n:org.pentaho.di.trans.step:BaseStep.TypeLongDesc.PrioritizeStreams</description> <classname>org.pentaho.di.trans.steps.prioritizestreams.PrioritizeStreamsMeta</classname> <category>i18n:org.pentaho.di.trans.step:BaseStep.Category.Flow</category> <tooltip>i18n:org.pentaho.di.trans.step:BaseStep.TypeTooltipDesc.PrioritizeStreams</tooltip> <iconfile>ui/images/PRS.svg</iconfile> <documentation_url/> <cases_url/> <forum_url/> </step>
 <step id="VectorWiseBulkLoader"> <description>i18n:org.pentaho.di.trans.step:BaseStep.TypeLongDesc.VectorWiseBulkLoader</description> <classname>org.pentaho.di.trans.steps.ivwloader.IngresVectorwiseLoaderMeta</classname> <category>i18n:org.pentaho.di.trans.step:BaseStep.Category.Bulk</category> <tooltip>i18n:org.pentaho.di.trans.step:BaseStep.TypeTooltipDesc.VectorWiseBulkLoader</tooltip> <iconfile>ui/images/BLKVW.svg</iconfile> <documentation_url>http://wiki.pentaho.com/display/EAI/Ingres+VectorWise+Bulk+Loader</documentation_url> <cases_url/> <forum_url/> </step>
 <step id="Rest"> <description>i18n:org.pentaho.di.trans.step:BaseStep.TypeLongDesc.Rest</description> <classname>org.pentaho.di.trans.steps.rest.RestMeta</classname> <category>i18n:org.pentaho.di.trans.step:BaseStep.Category.Lookup</category> <tooltip>i18n:org.pentaho.di.trans.step:BaseStep.TypeTooltipDesc.Rest</tooltip> <iconfile>ui/images/REST.svg</iconfile> <documentation_url>http://wiki.pentaho.com/display/EAI/Rest+Client</documentation_url> <cases_url/> <forum_url/> </step>
 <step id="GetRepositoryNames"> <description>i18n:org.pentaho.di.trans.step:BaseStep.TypeLongDesc.GetRepositoryNames</description> <classname>org.pentaho.di.trans.steps.getrepositorynames.GetRepositoryNamesMeta</classname> <category>i18n:org.pentaho.di.trans.step:BaseStep.Category.Input</category> <tooltip>i18n:org.pentaho.di.trans.step:BaseStep.TypeTooltipDesc.GetRepositoryNames</tooltip> <iconfile>ui/images/GRN.svg</iconfile> <documentation_url>http://wiki.pentaho.com/display/EAI/Get+repository+names</documentation_url> <cases_url/> <forum_url/> </step>
 <step id="PentahoReportingOutput"> <description>i18n:org.pentaho.di.trans.step:BaseStep.TypeLongDesc.PentahoReportingOutput</description> <classname>org.pentaho.di.trans.steps.pentahoreporting.PentahoReportingOutputMeta</classname> <category>i18n:org.pentaho.di.trans.step:BaseStep.Category.Output</category> <tooltip>i18n:org.pentaho.di.trans.step:BaseStep.TypeTooltipDesc.PentahoReportingOutput</tooltip> <iconfile>ui/images/JFR.svg</iconfile> <documentation_url>http://wiki.pentaho.com/display/EAI/Pentaho+Reporting+Output</documentation_url> <cases_url/> <forum_url/> </step>
 <step id="AutoDoc"> <description>i18n:org.pentaho.di.trans.step:BaseStep.TypeLongDesc.AutoDoc</description> <classname>org.pentaho.di.trans.steps.autodoc.AutoDocMeta</classname> <category>i18n:org.pentaho.di.trans.step:BaseStep.Category.Output</category> <tooltip>i18n:org.pentaho.di.trans.step:BaseStep.TypeTooltipDesc.AutoDoc</tooltip> <iconfile>ui/images/autodoc.svg</iconfile> <documentation_url>http://wiki.pentaho.com/display/EAI/Automatic+Documentation+Output</documentation_url> <cases_url/> <forum_url/> </step>
 <step id="SingleThreader"> <description>i18n:org.pentaho.di.trans.step:BaseStep.TypeLongDesc.SingleThreader</description> <classname>org.pentaho.di.trans.steps.singlethreader.SingleThreaderMeta</classname> <category>i18n:org.pentaho.di.trans.step:BaseStep.Category.Flow</category> <tooltip>i18n:org.pentaho.di.trans.step:BaseStep.TypeTooltipDesc.SingleThreader</tooltip> <iconfile>ui/images/MAP.svg</iconfile> <documentation_url>http://wiki.pentaho.com/display/EAI/Single+Threader</documentation_url> <cases_url/> <forum_url/> </step>
 <step id="MultiwayMergeJoin"> <description>i18n:org.pentaho.di.trans.step:BaseStep.TypeLongDesc.MultiwayMergeJoin</description> <classname>org.pentaho.di.trans.steps.multimerge.MultiMergeJoinMeta</classname> <category>i18n:org.pentaho.di.trans.step:BaseStep.Category.Joins</category> <tooltip>i18n:org.pentaho.di.trans.step:BaseStep.TypeTooltipDesc.MultiwayMergeJoin</tooltip> <iconfile>ui/images/MJOINS.svg</iconfile> <documentation_url>http://wiki.pentaho.com/display/EAI/Multiway+Merge+Join</documentation_url> <cases_url/> <forum_url/> </step>
 <step id="SymmetricCryptoTrans"> <description>i18n:org.pentaho.di.trans.step:BaseStep.TypeLongDesc.SymmetricCryptography</description> <classname>org.pentaho.di.trans.steps.symmetriccrypto.symmetriccryptotrans.SymmetricCryptoTransMeta</classname> <category>i18n:org.pentaho.di.trans.step:BaseStep.Category.Cryptography</category> <tooltip>i18n:org.pentaho.di.trans.step:BaseStep.TypeTooltipDesc.SymmetricCryptography</tooltip> <iconfile>ui/images/SCE.svg</iconfile> <documentation_url/> <cases_url/> <forum_url/> </step>
 <step id="SecretKeyGenerator"> <description>i18n:org.pentaho.di.trans.step:BaseStep.TypeLongDesc.SecretKeyGenerator</description> <classname>org.pentaho.di.trans.steps.symmetriccrypto.secretkeygenerator.SecretKeyGeneratorMeta</classname> <category>i18n:org.pentaho.di.trans.step:BaseStep.Category.Cryptography</category> <tooltip>i18n:org.pentaho.di.trans.step:BaseStep.TypeTooltipDesc.SecretKeyGenerator</tooltip> <iconfile>ui/images/SCG.svg</iconfile> <documentation_url/> <cases_url/> <forum_url/> </step>
 <step id="JobExecutor"> <description>i18n:org.pentaho.di.trans.step:BaseStep.TypeLongDesc.JobExecutor</description> <classname>org.pentaho.di.trans.steps.jobexecutor.JobExecutorMeta</classname> <category>i18n:org.pentaho.di.trans.step:BaseStep.Category.Flow</category> <tooltip>i18n:org.pentaho.di.trans.step:BaseStep.TypeTooltipDesc.JobExecutor</tooltip> <iconfile>ui/images/JOBEx.svg</iconfile> <documentation_url>http://wiki.pentaho.com/display/EAI/Job+Executor</documentation_url> <cases_url/> <forum_url/> </step>
 <step id="ZipFile"> <description>i18n:org.pentaho.di.trans.step:BaseStep.TypeLongDesc.ZipFile</description> <classname>org.pentaho.di.trans.steps.zipfile.ZipFileMeta</classname> <category>i18n:org.pentaho.di.trans.step:BaseStep.Category.Utility</category> <tooltip>i18n:org.pentaho.di.trans.step:BaseStep.TypeTooltipDesc.ZipFile</tooltip> <iconfile>ui/images/ZIP.svg</iconfile> <documentation_url>http://wiki.pentaho.com/display/EAI/Zip+file+%28step%29</documentation_url> <cases_url/> <forum_url/> </step>
 <step id="SASInput"> <description>i18n:org.pentaho.di.trans.step:BaseStep.TypeLongDesc.SASInput</description> <classname>org.pentaho.di.trans.steps.sasinput.SasInputMeta</classname> <category>i18n:org.pentaho.di.trans.step:BaseStep.Category.Input</category> <tooltip>i18n:org.pentaho.di.trans.step:BaseStep.TypeTooltipDesc.SASInput</tooltip> <iconfile>ui/images/SASInput.svg</iconfile> <documentation_url>http://wiki.pentaho.com/display/EAI/SAS+Input</documentation_url> <cases_url/> <forum_url/> </step>
 <step id="TableCompare"> <description>i18n:org.pentaho.di.trans.step:BaseStep.TypeLongDesc.TableCompare</description> <classname>org.pentaho.di.trans.steps.tablecompare.TableCompareMeta</classname> <category>i18n:org.pentaho.di.trans.step:BaseStep.Category.Utility</category> <tooltip>i18n:org.pentaho.di.trans.step:BaseStep.TypeTooltipDesc.TableCompare</tooltip> <iconfile>ui/images/TBLCMP.svg</iconfile> <documentation_url>http://wiki.pentaho.com/display/EAI/Table+Compare</documentation_url> <cases_url/> <forum_url/> </step>
 <step id="TypeExitEdi2XmlStep"> <description>i18n:org.pentaho.di.trans.step:BaseStep.TypeLongDesc.Edi2Xml</description> <classname>org.pentaho.di.trans.steps.edi2xml.Edi2XmlMeta</classname> <category>i18n:org.pentaho.di.trans.step:BaseStep.Category.Utility</category> <tooltip>i18n:org.pentaho.di.trans.step:BaseStep.TypeTooltipDesc.Edi2Xml</tooltip> <iconfile>ui/images/EDI2XML.svg</iconfile> <documentation_url>http://wiki.pentaho.com/display/EAI/Edi+to+XML</documentation_url> <cases_url/> <forum_url/> </step>
 <step id="SFTPPut"> <description>i18n:org.pentaho.di.trans.step:BaseStep.TypeLongDesc.SFTPPut</description> <classname>org.pentaho.di.trans.steps.sftpput.SFTPPutMeta</classname> <category>i18n:org.pentaho.di.trans.step:BaseStep.Category.Experimental</category> <tooltip>i18n:org.pentaho.di.trans.step:BaseStep.TypeTooltipDesc.SFTPPut</tooltip> <iconfile>ui/images/SFP.svg</iconfile> <documentation_url/> <cases_url/> <forum_url/> </step>
 <step id="PGPEncryptStream"> <description>i18n:org.pentaho.di.trans.step:BaseStep.TypeLongDesc.PGPEncryptStream</description> <classname>org.pentaho.di.trans.steps.pgpencryptstream.PGPEncryptStreamMeta</classname> <category>i18n:org.pentaho.di.trans.step:BaseStep.Category.Cryptography</category> <tooltip>i18n:org.pentaho.di.trans.step:BaseStep.TypeTooltipDesc.PGPEncryptStream</tooltip> <iconfile>ui/images/GPGEncrypt.svg</iconfile> <documentation_url/> <cases_url/> <forum_url/> </step>
 <step id="PGPDecryptStream"> <description>i18n:org.pentaho.di.trans.step:BaseStep.TypeLongDesc.PGPDecryptStream</description> <classname>org.pentaho.di.trans.steps.pgpdecryptstream.PGPDecryptStreamMeta</classname> <category>i18n:org.pentaho.di.trans.step:BaseStep.Category.Cryptography</category> <tooltip>i18n:org.pentaho.di.trans.step:BaseStep.TypeTooltipDesc.PGPDecryptStream</tooltip> <iconfile>ui/images/GPGDecrypt.svg</iconfile> <documentation_url/> <cases_url/> <forum_url/> </step>
 <step id="ConcatFields"> <description>i18n:org.pentaho.di.trans.step:BaseStep.TypeLongDesc.ConcatFields</description> <classname>org.pentaho.di.trans.steps.concatfields.ConcatFieldsMeta</classname> <category>i18n:org.pentaho.di.trans.step:BaseStep.Category.Transform</category> <tooltip>i18n:org.pentaho.di.trans.step:BaseStep.TypeTooltipDesc.ConcatFields</tooltip> <iconfile>ui/images/ConcatFields.svg</iconfile> <documentation_url>http://wiki.pentaho.com/display/EAI/Concat+Fields</documentation_url> <cases_url/> <forum_url/> </step>
 <step id="TransExecutor"> <description>i18n:org.pentaho.di.trans.step:BaseStep.TypeLongDesc.TransExecutor</description> <classname>org.pentaho.di.trans.steps.transexecutor.TransExecutorMeta</classname> <category>i18n:org.pentaho.di.trans.step:BaseStep.Category.Flow</category> <tooltip>i18n:org.pentaho.di.trans.step:BaseStep.TypeTooltipDesc.TransExecutor</tooltip> <iconfile>ui/images/TRNEx.svg</iconfile> <documentation_url>http://wiki.pentaho.com/display/EAI/Transformation+Executor</documentation_url> <cases_url/> <forum_url/> </step>
</steps>
