<?xml version="1.0" encoding="UTF-8"?>
<rules>

    <!-- NOTE i18n arguments are : i18n package and key separated by colon (:)
    --> 

  <rule id="TransformationHasDescription">
    <classname>org.pentaho.di.imp.rules.TransformationHasDescriptionImportRule</classname>
    <description>i18n:org.pentaho.di.imp.rules:ImportRule.Description.TransformationHasDescription</description>
    <tooltip>i18n:org.pentaho.di.imp.rules:ImportRule.Tooltip.TransformationHasDescription</tooltip>
  </rule>

  <rule id="JobHasDescription">
    <classname>org.pentaho.di.imp.rules.JobHasDescriptionImportRule</classname>
    <description>i18n:org.pentaho.di.imp.rules:ImportRule.Description.JobHasDescription</description>
    <tooltip>i18n:org.pentaho.di.imp.rules:ImportRule.Tooltip.JobHasDescription</tooltip>
  </rule>

  <rule id="TransformationHasTransLogConfigured">
    <classname>org.pentaho.di.imp.rules.TransformationHasTransLogConfiguredImportRule</classname>
    <description>i18n:org.pentaho.di.imp.rules:ImportRule.Description.TransformationHasTransLogConfigured</description>
    <tooltip>i18n:org.pentaho.di.imp.rules:ImportRule.Tooltip.TransformationHasTransLogConfigured</tooltip>
  </rule>

  <rule id="JobHasJobLogConfigured">
    <classname>org.pentaho.di.imp.rules.JobHasJobLogConfiguredImportRule</classname>
    <description>i18n:org.pentaho.di.imp.rules:ImportRule.Description.JobHasJobLogConfigured</description>
    <tooltip>i18n:org.pentaho.di.imp.rules:ImportRule.Tooltip.JobHasJobLogConfigured</tooltip>
  </rule>

  <rule id="DatabaseConfiguration">
    <classname>org.pentaho.di.imp.rules.DatabaseConfigurationImportRule</classname>
    <description>i18n:org.pentaho.di.imp.rules:ImportRule.Description.DatabaseConfiguration</description>
    <tooltip>i18n:org.pentaho.di.imp.rules:ImportRule.Tooltip.DatabaseConfiguration</tooltip>
  </rule>

  <rule id="JobHasNoDisabledHops">
    <classname>org.pentaho.di.imp.rules.JobHasNoDisabledHopsImportRule</classname>
    <description>i18n:org.pentaho.di.imp.rules:ImportRule.Description.JobHasNoDisabledHops</description>
    <tooltip>i18n:org.pentaho.di.imp.rules:ImportRule.Tooltip.JobHasNoDisabledHops</tooltip>
  </rule>

  <rule id="TransformationHasNoDisabledHops">
    <classname>org.pentaho.di.imp.rules.TransformationHasNoDisabledHopsImportRule</classname>
    <description>i18n:org.pentaho.di.imp.rules:ImportRule.Description.TransformationHasNoDisabledHops</description>
    <tooltip>i18n:org.pentaho.di.imp.rules:ImportRule.Tooltip.TransformationHasNoDisabledHops</tooltip>
  </rule>
  
    <rule id="JobHasANote">
    <classname>org.pentaho.di.imp.rules.JobHasANoteImportRule</classname>
    <description>i18n:org.pentaho.di.imp.rules:ImportRule.Description.JobHasANote</description>
    <tooltip>i18n:org.pentaho.di.imp.rules:ImportRule.Tooltip.JobHasANote</tooltip>
  </rule>

  <rule id="TransformationHasANote">
    <classname>org.pentaho.di.imp.rules.TransformationHasANoteImportRule</classname>
    <description>i18n:org.pentaho.di.imp.rules:ImportRule.Description.TransformationHasANote</description>
    <tooltip>i18n:org.pentaho.di.imp.rules:ImportRule.Tooltip.TransformationHasANote</tooltip>
  </rule>
  
</rules>
