<?xml version="1.0" encoding="UTF-8"?>
<job-entries>
 <job-entry id="TRANS"> <description>i18n:org.pentaho.di.job.entry:JobEntry.Trans.TypeDesc</description> <classname>org.pentaho.di.job.entries.trans.JobEntryTrans</classname> <category>i18n:org.pentaho.di.job:JobCategory.Category.General</category> <tooltip>i18n:org.pentaho.di.job.entry:JobEntry.Trans.Tooltip</tooltip> <iconfile>ui/images/TRN.svg</iconfile> <documentation_url>http://wiki.pentaho.com/display/EAI/Transformation+%28job+entry%29</documentation_url> <cases_url>http://jira.pentaho.com/browse/PDI</cases_url> <forum_url>http://forums.pentaho.com/forumdisplay.php?135-Pentaho-Data-Integration-Kettle</forum_url> </job-entry>
 <job-entry id="JOB"> <description>i18n:org.pentaho.di.job.entry:JobEntry.Job.TypeDesc</description> <classname>org.pentaho.di.job.entries.job.JobEntryJob</classname> <category>i18n:org.pentaho.di.job:JobCategory.Category.General</category> <tooltip>i18n:org.pentaho.di.job.entry:JobEntry.Job.Tooltip</tooltip> <iconfile>ui/images/JOB.svg</iconfile> <documentation_url>http://wiki.pentaho.com/display/EAI/Job+%28Job+Entry%29</documentation_url> <cases_url>http://jira.pentaho.com/browse/PDI</cases_url> <forum_url>http://forums.pentaho.com/forumdisplay.php?135-Pentaho-Data-Integration-Kettle</forum_url> </job-entry>
 <job-entry id="SHELL"> <description>i18n:org.pentaho.di.job.entry:JobEntry.Shell.TypeDesc</description> <classname>org.pentaho.di.job.entries.shell.JobEntryShell</classname> <category>i18n:org.pentaho.di.job:JobCategory.Category.Scripting</category> <tooltip>i18n:org.pentaho.di.job.entry:JobEntry.Shell.Tooltip</tooltip> <iconfile>ui/images/SHL.svg</iconfile> <documentation_url>http://wiki.pentaho.com/display/EAI/Shell</documentation_url> <cases_url/> <forum_url/> </job-entry>
 <job-entry id="MAIL"> <description>i18n:org.pentaho.di.job.entry:JobEntry.Mail.TypeDesc</description> <classname>org.pentaho.di.job.entries.mail.JobEntryMail</classname> <category>i18n:org.pentaho.di.job:JobCategory.Category.Mail</category> <tooltip>i18n:org.pentaho.di.job.entry:JobEntry.Mail.Tooltip</tooltip> <iconfile>ui/images/MAIL.svg</iconfile> <documentation_url>http://wiki.pentaho.com/display/EAI/Mail</documentation_url> <cases_url/> <forum_url/> </job-entry>
 <job-entry id="SQL"> <description>i18n:org.pentaho.di.job.entry:JobEntry.SQL.TypeDesc</description> <classname>org.pentaho.di.job.entries.sql.JobEntrySQL</classname> <category>i18n:org.pentaho.di.job:JobCategory.Category.Scripting</category> <tooltip>i18n:org.pentaho.di.job.entry:JobEntry.SQL.Tooltip</tooltip> <iconfile>ui/images/SQL.svg</iconfile> <documentation_url>http://wiki.pentaho.com/display/EAI/SQL</documentation_url> <cases_url/> <forum_url/> </job-entry>
 <job-entry id="FTP"> <description>i18n:org.pentaho.di.job.entry:JobEntry.FTP.TypeDesc</description> <classname>org.pentaho.di.job.entries.ftp.JobEntryFTP</classname> <category>i18n:org.pentaho.di.job:JobCategory.Category.FileTransfer</category> <tooltip>i18n:org.pentaho.di.job.entry:JobEntry.FTP.Tooltip</tooltip> <iconfile>ui/images/GFTP.svg</iconfile> <documentation_url>http://wiki.pentaho.com/display/EAI/Get+a+file+with+FTP</documentation_url> <cases_url/> <forum_url/> </job-entry>
 <job-entry id="FTP_PUT"> <description>i18n:org.pentaho.di.job.entry:JobEntry.FTPPUT.TypeDesc</description> <classname>org.pentaho.di.job.entries.ftpput.JobEntryFTPPUT</classname> <category>i18n:org.pentaho.di.job:JobCategory.Category.FileTransfer</category> <tooltip>i18n:org.pentaho.di.job.entry:JobEntry.FTPPUT.Tooltip</tooltip> <iconfile>ui/images/PFTP.svg</iconfile> <documentation_url/> <cases_url/> <forum_url/> </job-entry>
 <job-entry id="FTPS_GET"> <description>i18n:org.pentaho.di.job.entry:JobEntry.FTPSGet.TypeDesc</description> <classname>org.pentaho.di.job.entries.ftpsget.JobEntryFTPSGet</classname> <category>i18n:org.pentaho.di.job:JobCategory.Category.FileTransfer</category> <tooltip>i18n:org.pentaho.di.job.entry:JobEntry.FTPSGet.Tooltip</tooltip> <iconfile>ui/images/GFTPS.svg</iconfile> <documentation_url/> <cases_url/> <forum_url/> </job-entry>
 <job-entry id="FTPS_PUT"> <description>i18n:org.pentaho.di.job.entry:JobEntry.FTPSPut.TypeDesc</description> <classname>org.pentaho.di.job.entries.ftpsput.JobEntryFTPSPUT</classname> <category>i18n:org.pentaho.di.job:JobCategory.Category.FileTransfer</category> <tooltip>i18n:org.pentaho.di.job.entry:JobEntry.FTPSPut.Tooltip</tooltip> <iconfile>ui/images/PFTPS.svg</iconfile> <documentation_url/> <cases_url/> <forum_url/> </job-entry>
 <job-entry id="SFTP"> <description>i18n:org.pentaho.di.job.entry:JobEntry.SFTP.TypeDesc</description> <classname>org.pentaho.di.job.entries.sftp.JobEntrySFTP</classname> <category>i18n:org.pentaho.di.job:JobCategory.Category.FileTransfer</category> <tooltip>i18n:org.pentaho.di.job.entry:JobEntry.SFTP.Tooltip</tooltip> <iconfile>ui/images/GSFTP.svg</iconfile> <documentation_url>http://wiki.pentaho.com/display/EAI/Get+a+file+with+SFTP</documentation_url> <cases_url/> <forum_url/> </job-entry>
 <job-entry id="SFTPPUT"> <description>i18n:org.pentaho.di.job.entry:JobEntry.SFTPPut.TypeDesc</description> <classname>org.pentaho.di.job.entries.sftpput.JobEntrySFTPPUT</classname> <category>i18n:org.pentaho.di.job:JobCategory.Category.FileTransfer</category> <tooltip>i18n:org.pentaho.di.job.entry:JobEntry.SFTPPut.Tooltip</tooltip> <iconfile>ui/images/PSFTP.svg</iconfile> <documentation_url>http://wiki.pentaho.com/display/EAI/Put+a+file+with+SFTP</documentation_url> <cases_url/> <forum_url/> </job-entry>
 <job-entry id="FTP_DELETE"> <description>i18n:org.pentaho.di.job.entry:JobEntry.FTPDELETE.TypeDesc</description> <classname>org.pentaho.di.job.entries.ftpdelete.JobEntryFTPDelete</classname> <category>i18n:org.pentaho.di.job:JobCategory.Category.FileTransfer</category> <tooltip>i18n:org.pentaho.di.job.entry:JobEntry.FTPDELETE.Tooltip</tooltip> <iconfile>ui/images/FTPD.svg</iconfile> <documentation_url/> <cases_url/> <forum_url/> </job-entry>
 <job-entry id="TABLE_EXISTS"> <description>i18n:org.pentaho.di.job.entry:JobEntry.TableExists.TypeDesc</description> <classname>org.pentaho.di.job.entries.tableexists.JobEntryTableExists</classname> <category>i18n:org.pentaho.di.job:JobCategory.Category.Conditions</category> <tooltip>i18n:org.pentaho.di.job.entry:JobEntry.TableExists.Tooltip</tooltip> <iconfile>ui/images/TEX.svg</iconfile> <documentation_url>http://wiki.pentaho.com/display/EAI/Table+Exists+%28Job+Entry%29</documentation_url> <cases_url/> <forum_url/> </job-entry>
 <job-entry id="FILE_EXISTS"> <description>i18n:org.pentaho.di.job.entry:JobEntry.FileExists.TypeDesc</description> <classname>org.pentaho.di.job.entries.fileexists.JobEntryFileExists</classname> <category>i18n:org.pentaho.di.job:JobCategory.Category.Conditions</category> <tooltip>i18n:org.pentaho.di.job.entry:JobEntry.FileExists.Tooltip</tooltip> <iconfile>ui/images/FEX.svg</iconfile> <documentation_url>http://wiki.pentaho.com/display/EAI/File+Exists+%28Job+Entry%29</documentation_url> <cases_url/> <forum_url/> </job-entry>
 <job-entry id="EVAL"> <description>i18n:org.pentaho.di.job.entry:JobEntry.Evaluation.TypeDesc</description> <classname>org.pentaho.di.job.entries.eval.JobEntryEval</classname> <category>i18n:org.pentaho.di.job:JobCategory.Category.Scripting</category> <tooltip>i18n:org.pentaho.di.job.entry:JobEntry.Evaluation.Tooltip</tooltip> <iconfile>ui/images/SCR_mod.svg</iconfile> <documentation_url>http://wiki.pentaho.com/display/EAI/Evaluating+conditions+in+The+JavaScript+job+entry</documentation_url> <cases_url/> <forum_url/> </job-entry>
 <job-entry id="SPECIAL"> <description>i18n:org.pentaho.di.job.entry:JobEntry.Special.TypeDesc</description> <classname>org.pentaho.di.job.entries.special.JobEntrySpecial</classname> <category>i18n:org.pentaho.di.job:JobCategory.Category.General</category> <tooltip>i18n:org.pentaho.di.job.entry:JobEntry.Special.Tooltip</tooltip> <iconfile/> <documentation_url/> <cases_url/> <forum_url/> </job-entry>
 <job-entry id="HTTP"> <description>i18n:org.pentaho.di.job.entry:JobEntry.HTTP.TypeDesc</description> <classname>org.pentaho.di.job.entries.http.JobEntryHTTP</classname> <category>i18n:org.pentaho.di.job:JobCategory.Category.FileManagement</category> <tooltip>i18n:org.pentaho.di.job.entry:JobEntry.HTTP.Tooltip</tooltip> <iconfile>ui/images/WEB.svg</iconfile> <documentation_url>http://wiki.pentaho.com/display/EAI/HTTP</documentation_url> <cases_url/> <forum_url/> </job-entry>
 <job-entry id="CREATE_FILE"> <description>i18n:org.pentaho.di.job.entry:JobEntry.CreateFile.TypeDesc</description> <classname>org.pentaho.di.job.entries.createfile.JobEntryCreateFile</classname> <category>i18n:org.pentaho.di.job:JobCategory.Category.FileManagement</category> <tooltip>i18n:org.pentaho.di.job.entry:JobEntry.CreateFile.Tooltip</tooltip> <iconfile>ui/images/CFJ.svg</iconfile> <documentation_url>http://wiki.pentaho.com/display/EAI/Create+a+file</documentation_url> <cases_url/> <forum_url/> </job-entry>
 <job-entry id="DELETE_FILE"> <description>i18n:org.pentaho.di.job.entry:JobEntry.DeleteFile.TypeDesc</description> <classname>org.pentaho.di.job.entries.deletefile.JobEntryDeleteFile</classname> <category>i18n:org.pentaho.di.job:JobCategory.Category.FileManagement</category> <tooltip>i18n:org.pentaho.di.job.entry:JobEntry.DeleteFile.Tooltip</tooltip> <iconfile>ui/images/DFJ.svg</iconfile> <documentation_url>http://wiki.pentaho.com/display/EAI/Delete+a+file</documentation_url> <cases_url/> <forum_url/> </job-entry>
 <job-entry id="WAIT_FOR_FILE"> <description>i18n:org.pentaho.di.job.entry:JobEntry.WaitForFile.TypeDesc</description> <classname>org.pentaho.di.job.entries.waitforfile.JobEntryWaitForFile</classname> <category>i18n:org.pentaho.di.job:JobCategory.Category.FileManagement</category> <tooltip>i18n:org.pentaho.di.job.entry:JobEntry.WaitForFile.Tooltip</tooltip> <iconfile>ui/images/WFF.svg</iconfile> <documentation_url>http://wiki.pentaho.com/display/EAI/Wait+for+a+file</documentation_url> <cases_url/> <forum_url/> </job-entry>
 <job-entry id="FILE_COMPARE"> <description>i18n:org.pentaho.di.job.entry:JobEntry.FileCompare.TypeDesc</description> <classname>org.pentaho.di.job.entries.filecompare.JobEntryFileCompare</classname> <category>i18n:org.pentaho.di.job:JobCategory.Category.FileManagement</category> <tooltip>i18n:org.pentaho.di.job.entry:JobEntry.FileCompare.Tooltip</tooltip> <iconfile>ui/images/BFC.svg</iconfile> <documentation_url>http://wiki.pentaho.com/display/EAI/File+compare</documentation_url> <cases_url/> <forum_url/> </job-entry>
 <job-entry id="MYSQL_BULK_LOAD"> <description>i18n:org.pentaho.di.job.entry:JobEntry.MysqlBulkLoad.TypeDesc</description> <classname>org.pentaho.di.job.entries.mysqlbulkload.JobEntryMysqlBulkLoad</classname> <category>i18n:org.pentaho.di.job:JobCategory.Category.BulkLoading</category> <tooltip>i18n:org.pentaho.di.job.entry:JobEntry.MysqlBulkLoad.Tooltip</tooltip> <iconfile>ui/images/BLKMYSQL.svg</iconfile> <documentation_url>http://wiki.pentaho.com/display/EAI/Bulkload+into+MySQL</documentation_url> <cases_url/> <forum_url/> </job-entry>
 <job-entry id="MSGBOX_INFO"> <description>i18n:org.pentaho.di.job.entry:JobEntry.MsgBoxInfo.TypeDesc</description> <classname>org.pentaho.di.job.entries.msgboxinfo.JobEntryMsgBoxInfo</classname> <category>i18n:org.pentaho.di.job:JobCategory.Category.Utility</category> <tooltip>i18n:org.pentaho.di.job.entry:JobEntry.MsgBoxInfo.Tooltip</tooltip> <iconfile>ui/images/INF.svg</iconfile> <documentation_url>http://wiki.pentaho.com/display/EAI/Display+Msgbox+info</documentation_url> <cases_url/> <forum_url/> </job-entry>
 <job-entry id="DELAY"> <description>i18n:org.pentaho.di.job.entry:JobEntry.Delay.TypeDesc</description> <classname>org.pentaho.di.job.entries.delay.JobEntryDelay</classname> <category>i18n:org.pentaho.di.job:JobCategory.Category.Conditions</category> <tooltip>i18n:org.pentaho.di.job.entry:JobEntry.Delay.Tooltip</tooltip> <iconfile>ui/images/DLT.svg</iconfile> <documentation_url>http://wiki.pentaho.com/display/EAI/Wait+for</documentation_url> <cases_url/> <forum_url/> </job-entry>
 <job-entry id="ZIP_FILE"> <description>i18n:org.pentaho.di.job.entry:JobEntry.ZipFile.TypeDesc</description> <classname>org.pentaho.di.job.entries.zipfile.JobEntryZipFile</classname> <category>i18n:org.pentaho.di.job:JobCategory.Category.FileManagement</category> <tooltip>i18n:org.pentaho.di.job.entry:JobEntry.ZipFile.Tooltip</tooltip> <iconfile>ui/images/ZIP.svg</iconfile> <documentation_url>http://wiki.pentaho.com/display/EAI/Zip+file</documentation_url> <cases_url/> <forum_url/> </job-entry>
 <job-entry id="MYSQL_BULK_FILE"> <description>i18n:org.pentaho.di.job.entry:JobEntry.MysqlBulkFile.TypeDesc</description> <classname>org.pentaho.di.job.entries.mysqlbulkfile.JobEntryMysqlBulkFile</classname> <category>i18n:org.pentaho.di.job:JobCategory.Category.BulkLoading</category> <tooltip>i18n:org.pentaho.di.job.entry:JobEntry.MysqlBulkFile.Tooltip</tooltip> <iconfile>ui/images/BLKMYSQLFL.svg</iconfile> <documentation_url/> <cases_url/> <forum_url/> </job-entry>
 <job-entry id="ABORT"> <description>i18n:org.pentaho.di.job.entry:JobEntry.Abort.TypeDesc</description> <classname>org.pentaho.di.job.entries.abort.JobEntryAbort</classname> <category>i18n:org.pentaho.di.job:JobCategory.Category.Utility</category> <tooltip>i18n:org.pentaho.di.job.entry:JobEntry.Abort.Tooltip</tooltip> <iconfile>ui/images/ABR.svg</iconfile> <documentation_url>http://wiki.pentaho.com/display/EAI/Abort+Job</documentation_url> <cases_url/> <forum_url/> </job-entry>
 <job-entry id="GET_POP"> <description>i18n:org.pentaho.di.job.entry:JobEntry.GetPOP.TypeDesc</description> <classname>org.pentaho.di.job.entries.getpop.JobEntryGetPOP</classname> <category>i18n:org.pentaho.di.job:JobCategory.Category.Mail</category> <tooltip>i18n:org.pentaho.di.job.entry:JobEntry.GetPOP.Tooltip</tooltip> <iconfile>ui/images/GETPOP.svg</iconfile> <documentation_url>http://wiki.pentaho.com/display/EAI/Get+Mails+from+POP</documentation_url> <cases_url/> <forum_url/> </job-entry>
 <job-entry id="PING"> <description>i18n:org.pentaho.di.job.entry:JobEntry.Ping.TypeDesc</description> <classname>org.pentaho.di.job.entries.ping.JobEntryPing</classname> <category>i18n:org.pentaho.di.job:JobCategory.Category.Utility</category> <tooltip>i18n:org.pentaho.di.job.entry:JobEntry.Ping.Tooltip</tooltip> <iconfile>ui/images/PNG.svg</iconfile> <documentation_url>http://wiki.pentaho.com/display/EAI/Ping+a+host</documentation_url> <cases_url/> <forum_url/> </job-entry>
 <job-entry id="DELETE_FILES"> <description>i18n:org.pentaho.di.job.entry:JobEntry.DeleteFiles.TypeDesc</description> <classname>org.pentaho.di.job.entries.deletefiles.JobEntryDeleteFiles</classname> <category>i18n:org.pentaho.di.job:JobCategory.Category.FileManagement</category> <tooltip>i18n:org.pentaho.di.job.entry:JobEntry.DeleteFiles.Tooltip</tooltip> <iconfile>ui/images/DFS.svg</iconfile> <documentation_url>http://wiki.pentaho.com/display/EAI/Delete+Files</documentation_url> <cases_url/> <forum_url/> </job-entry>
 <job-entry id="SUCCESS"> <description>i18n:org.pentaho.di.job.entry:JobEntry.Success.TypeDesc</description> <classname>org.pentaho.di.job.entries.success.JobEntrySuccess</classname> <category>i18n:org.pentaho.di.job:JobCategory.Category.General</category> <tooltip>i18n:org.pentaho.di.job.entry:JobEntry.Success.Tooltip</tooltip> <iconfile>ui/images/SUC.svg</iconfile> <documentation_url>http://wiki.pentaho.com/display/EAI/Success</documentation_url> <cases_url/> <forum_url/> </job-entry>
 <job-entry id="WRITE_TO_LOG"> <description>i18n:org.pentaho.di.job.entry:JobEntry.WriteToLog.TypeDesc</description> <classname>org.pentaho.di.job.entries.writetolog.JobEntryWriteToLog</classname> <category>i18n:org.pentaho.di.job:JobCategory.Category.Utility</category> <tooltip>i18n:org.pentaho.di.job.entry:JobEntry.WriteToLog.Tooltip</tooltip> <iconfile>ui/images/WTL.svg</iconfile> <documentation_url>http://wiki.pentaho.com/display/EAI/Write+to+log</documentation_url> <cases_url/> <forum_url/> </job-entry>
 <job-entry id="COPY_FILES"> <description>i18n:org.pentaho.di.job.entry:JobEntry.CopyFiles.TypeDesc</description> <classname>org.pentaho.di.job.entries.copyfiles.JobEntryCopyFiles</classname> <category>i18n:org.pentaho.di.job:JobCategory.Category.FileManagement</category> <tooltip>i18n:org.pentaho.di.job.entry:JobEntry.CopyFiles.Tooltip</tooltip> <iconfile>ui/images/CPY.svg</iconfile> <documentation_url>http://wiki.pentaho.com/display/EAI/Copy+Files</documentation_url> <cases_url/> <forum_url/> </job-entry>
 <job-entry id="UNZIP"> <description>i18n:org.pentaho.di.job.entry:JobEntry.UnZip.TypeDesc</description> <classname>org.pentaho.di.job.entries.unzip.JobEntryUnZip</classname> <category>i18n:org.pentaho.di.job:JobCategory.Category.FileManagement</category> <tooltip>i18n:org.pentaho.di.job.entry:JobEntry.UnZip.Tooltip</tooltip> <iconfile>ui/images/UZP.svg</iconfile> <documentation_url>http://wiki.pentaho.com/display/EAI/Unzip+file</documentation_url> <cases_url/> <forum_url/> </job-entry>
 <job-entry id="CREATE_FOLDER"> <description>i18n:org.pentaho.di.job.entry:JobEntry.CreateFolder.TypeDesc</description> <classname>org.pentaho.di.job.entries.createfolder.JobEntryCreateFolder</classname> <category>i18n:org.pentaho.di.job:JobCategory.Category.FileManagement</category> <tooltip>i18n:org.pentaho.di.job.entry:JobEntry.CreateFolder.Tooltip</tooltip> <iconfile>ui/images/CRF.svg</iconfile> <documentation_url>http://wiki.pentaho.com/display/EAI/Create+a+folder</documentation_url> <cases_url/> <forum_url/> </job-entry>
 <job-entry id="FOLDER_IS_EMPTY"> <description>i18n:org.pentaho.di.job.entry:JobEntry.FolderIsEmpty.TypeDesc</description> <classname>org.pentaho.di.job.entries.folderisempty.JobEntryFolderIsEmpty</classname> <category>i18n:org.pentaho.di.job:JobCategory.Category.Conditions</category> <tooltip>i18n:org.pentaho.di.job.entry:JobEntry.FolderIsEmpty.Tooltip</tooltip> <iconfile>ui/images/EFO.svg</iconfile> <documentation_url>http://wiki.pentaho.com/display/EAI/Check+if+a+folder+is+empty</documentation_url> <cases_url/> <forum_url/> </job-entry>
 <job-entry id="FILES_EXIST"> <description>i18n:org.pentaho.di.job.entry:JobEntry.FilesExist.TypeDesc</description> <classname>org.pentaho.di.job.entries.filesexist.JobEntryFilesExist</classname> <category>i18n:org.pentaho.di.job:JobCategory.Category.Conditions</category> <tooltip>i18n:org.pentaho.di.job.entry:JobEntry.FilesExist.Tooltip</tooltip> <iconfile>ui/images/LFE.svg</iconfile> <documentation_url/> <cases_url/> <forum_url/> </job-entry>
 <job-entry id="FOLDERS_COMPARE"> <description>i18n:org.pentaho.di.job.entry:JobEntry.FoldersCompare.TypeDesc</description> <classname>org.pentaho.di.job.entries.folderscompare.JobEntryFoldersCompare</classname> <category>i18n:org.pentaho.di.job:JobCategory.Category.FileManagement</category> <tooltip>i18n:org.pentaho.di.job.entry:JobEntry.FoldersCompare.Tooltip</tooltip> <iconfile>ui/images/FCP.svg</iconfile> <documentation_url>http://wiki.pentaho.com/display/EAI/Compare+folders</documentation_url> <cases_url/> <forum_url/> </job-entry>
 <job-entry id="ADD_RESULT_FILENAMES"> <description>i18n:org.pentaho.di.job.entry:JobEntry.AddResultFilenames.TypeDesc</description> <classname>org.pentaho.di.job.entries.addresultfilenames.JobEntryAddResultFilenames</classname> <category>i18n:org.pentaho.di.job:JobCategory.Category.FileManagement</category> <tooltip>i18n:org.pentaho.di.job.entry:JobEntry.AddResultFilenames.Tooltip</tooltip> <iconfile>ui/images/AFN.svg</iconfile> <documentation_url>http://wiki.pentaho.com/display/EAI/Add+filenames+to+result</documentation_url> <cases_url/> <forum_url/> </job-entry>
 <job-entry id="DELETE_RESULT_FILENAMES"> <description>i18n:org.pentaho.di.job.entry:JobEntry.DeleteResultFilenames.TypeDesc</description> <classname>org.pentaho.di.job.entries.deleteresultfilenames.JobEntryDeleteResultFilenames</classname> <category>i18n:org.pentaho.di.job:JobCategory.Category.FileManagement</category> <tooltip>i18n:org.pentaho.di.job.entry:JobEntry.DeleteResultFilenames.Tooltip</tooltip> <iconfile>ui/images/DFN.svg</iconfile> <documentation_url>http://wiki.pentaho.com/display/EAI/Delete+filenames+from+result</documentation_url> <cases_url/> <forum_url/> </job-entry>
 <job-entry id="MSSQL_BULK_LOAD"> <description>i18n:org.pentaho.di.job.entry:JobEntry.MssqlBulkLoad.TypeDesc</description> <classname>org.pentaho.di.job.entries.mssqlbulkload.JobEntryMssqlBulkLoad</classname> <category>i18n:org.pentaho.di.job:JobCategory.Category.BulkLoading</category> <tooltip>i18n:org.pentaho.di.job.entry:JobEntry.MssqlBulkLoad.Tooltip</tooltip> <iconfile>ui/images/BLKMSSQL.svg</iconfile> <documentation_url/> <cases_url/> <forum_url/> </job-entry>
 <job-entry id="MOVE_FILES"> <description>i18n:org.pentaho.di.job.entry:JobEntry.MoveFiles.TypeDesc</description> <classname>org.pentaho.di.job.entries.movefiles.JobEntryMoveFiles</classname> <category>i18n:org.pentaho.di.job:JobCategory.Category.FileManagement</category> <tooltip>i18n:org.pentaho.di.job.entry:JobEntry.MoveFiles.Tooltip</tooltip> <iconfile>ui/images/MVF.svg</iconfile> <documentation_url>http://wiki.pentaho.com/display/EAI/Move+files</documentation_url> <cases_url/> <forum_url/> </job-entry>
 <job-entry id="COPY_MOVE_RESULT_FILENAMES"> <description>i18n:org.pentaho.di.job.entry:JobEntry.CopyMoveResultFilenames.TypeDesc</description> <classname>org.pentaho.di.job.entries.copymoveresultfilenames.JobEntryCopyMoveResultFilenames</classname> <category>i18n:org.pentaho.di.job:JobCategory.Category.FileManagement</category> <tooltip>i18n:org.pentaho.di.job.entry:JobEntry.CopyMoveResultFilenames.Tooltip</tooltip> <iconfile>ui/images/CMR.svg</iconfile> <documentation_url/> <cases_url/> <forum_url/> </job-entry>
 <job-entry id="DELETE_FOLDERS"> <description>i18n:org.pentaho.di.job.entry:JobEntry.DeleteFolders.TypeDesc</description> <classname>org.pentaho.di.job.entries.deletefolders.JobEntryDeleteFolders</classname> <category>i18n:org.pentaho.di.job:JobCategory.Category.FileManagement</category> <tooltip>i18n:org.pentaho.di.job.entry:JobEntry.DeleteFolders.Tooltip</tooltip> <iconfile>ui/images/DSF.svg</iconfile> <documentation_url>http://wiki.pentaho.com/display/EAI/Delete+folders</documentation_url> <cases_url/> <forum_url/> </job-entry>
 <job-entry id="COLUMNS_EXIST"> <description>i18n:org.pentaho.di.job.entry:JobEntry.ColumnsExist.TypeDesc</description> <classname>org.pentaho.di.job.entries.columnsexist.JobEntryColumnsExist</classname> <category>i18n:org.pentaho.di.job:JobCategory.Category.Conditions</category> <tooltip>i18n:org.pentaho.di.job.entry:JobEntry.ColumnsExist.Tooltip</tooltip> <iconfile>ui/images/CEX.svg</iconfile> <documentation_url>http://wiki.pentaho.com/display/EAI/Columns+exist+in+a+table</documentation_url> <cases_url/> <forum_url/> </job-entry>
 <job-entry id="EXPORT_REPOSITORY"> <description>i18n:org.pentaho.di.job.entry:JobEntry.ExportRepository.TypeDesc</description> <classname>org.pentaho.di.job.entries.exportrepository.JobEntryExportRepository</classname> <category>i18n:org.pentaho.di.job:JobCategory.Category.Repository</category> <tooltip>i18n:org.pentaho.di.job.entry:JobEntry.ExportRepository.Tooltip</tooltip> <iconfile>ui/images/EREP.svg</iconfile> <documentation_url>http://wiki.pentaho.com/display/EAI/Export+repository+to+XML+file</documentation_url> <cases_url/> <forum_url/> </job-entry>
 <job-entry id="CONNECTED_TO_REPOSITORY"> <description>i18n:org.pentaho.di.job.entry:JobEntry.ConnectedToRepository.TypeDesc</description> <classname>org.pentaho.di.job.entries.connectedtorepository.JobEntryConnectedToRepository</classname> <category>i18n:org.pentaho.di.job:JobCategory.Category.Repository</category> <tooltip>i18n:org.pentaho.di.job.entry:JobEntry.ConnectedToRepository.Tooltip</tooltip> <iconfile>ui/images/CREP.svg</iconfile> <documentation_url/> <cases_url/> <forum_url/> </job-entry>
 <job-entry id="TRUNCATE_TABLES"> <description>i18n:org.pentaho.di.job.entry:JobEntry.TruncateTables.TypeDesc</description> <classname>org.pentaho.di.job.entries.truncatetables.JobEntryTruncateTables</classname> <category>i18n:org.pentaho.di.job:JobCategory.Category.Utility</category> <tooltip>i18n:org.pentaho.di.job.entry:JobEntry.TruncateTables.Tooltip</tooltip> <iconfile>ui/images/TRT.svg</iconfile> <documentation_url>http://wiki.pentaho.com/display/EAI/Truncate+tables</documentation_url> <cases_url/> <forum_url/> </job-entry>
 <job-entry id="SET_VARIABLES"> <description>i18n:org.pentaho.di.job.entry:JobEntry.SetVariables.TypeDesc</description> <classname>org.pentaho.di.job.entries.setvariables.JobEntrySetVariables</classname> <category>i18n:org.pentaho.di.job:JobCategory.Category.General</category> <tooltip>i18n:org.pentaho.di.job.entry:JobEntry.SetVariables.Tooltip</tooltip> <iconfile>ui/images/SVA.svg</iconfile> <documentation_url/> <cases_url/> <forum_url/> </job-entry>
 <job-entry id="WAIT_FOR_SQL"> <description>i18n:org.pentaho.di.job.entry:JobEntry.WaitForSQL.TypeDesc</description> <classname>org.pentaho.di.job.entries.waitforsql.JobEntryWaitForSQL</classname> <category>i18n:org.pentaho.di.job:JobCategory.Category.Utility</category> <tooltip>i18n:org.pentaho.di.job.entry:JobEntry.WaitForSQL.Tooltip</tooltip> <iconfile>ui/images/WSQL.svg</iconfile> <documentation_url/> <cases_url/> <forum_url/> </job-entry>
 <job-entry id="EVAL_TABLE_CONTENT"> <description>i18n:org.pentaho.di.job.entry:JobEntry.EvalTableContent.TypeDesc</description> <classname>org.pentaho.di.job.entries.evaluatetablecontent.JobEntryEvalTableContent</classname> <category>i18n:org.pentaho.di.job:JobCategory.Category.Conditions</category> <tooltip>i18n:org.pentaho.di.job.entry:JobEntry.EvalTableContent.Tooltip</tooltip> <iconfile>ui/images/ETC.svg</iconfile> <documentation_url>http://wiki.pentaho.com/display/EAI/Evaluate+rows+number+in+a+table</documentation_url> <cases_url/> <forum_url/> </job-entry>
 <job-entry id="SIMPLE_EVAL"> <description>i18n:org.pentaho.di.job.entry:JobEntry.SimpleEval.TypeDesc</description> <classname>org.pentaho.di.job.entries.simpleeval.JobEntrySimpleEval</classname> <category>i18n:org.pentaho.di.job:JobCategory.Category.Conditions</category> <tooltip>i18n:org.pentaho.di.job.entry:JobEntry.SimpleEval.Tooltip</tooltip> <iconfile>ui/images/SEV.svg</iconfile> <documentation_url>http://wiki.pentaho.com/display/EAI/Simple+evaluation+%28Job+Entry%29</documentation_url> <cases_url/> <forum_url/> </job-entry>
 <job-entry id="SNMP_TRAP"> <description>i18n:org.pentaho.di.job.entry:JobEntry.SNMPTrap.TypeDesc</description> <classname>org.pentaho.di.job.entries.snmptrap.JobEntrySNMPTrap</classname> <category>i18n:org.pentaho.di.job:JobCategory.Category.Utility</category> <tooltip>i18n:org.pentaho.di.job.entry:JobEntry.SNMPTrap.Tooltip</tooltip> <iconfile>ui/images/SNMP.svg</iconfile> <documentation_url/> <cases_url/> <forum_url/> </job-entry>
 <job-entry id="MAIL_VALIDATOR,JobCategory.Category.Mail_VALIDATOR"> <description>i18n:org.pentaho.di.job.entry:JobEntry.MailValidator.TypeDesc</description> <classname>org.pentaho.di.job.entries.mailvalidator.JobEntryMailValidator</classname> <category>i18n:org.pentaho.di.job:JobCategory.Category.Mail</category> <tooltip>i18n:org.pentaho.di.job.entry:JobEntry.MailValidator.Tooltip</tooltip> <iconfile>ui/images/MAV.svg</iconfile> <documentation_url/> <cases_url/> <forum_url/> </job-entry>
 <job-entry id="CHECK_DB_CONNECTIONS"> <description>i18n:org.pentaho.di.job.entry:JobEntry.CheckDbConnections.TypeDesc</description> <classname>org.pentaho.di.job.entries.checkdbconnection.JobEntryCheckDbConnections</classname> <category>i18n:org.pentaho.di.job:JobCategory.Category.Conditions</category> <tooltip>i18n:org.pentaho.di.job.entry:JobEntry.CheckDbConnections.Tooltip</tooltip> <iconfile>ui/images/CDBC.svg</iconfile> <documentation_url>http://wiki.pentaho.com/display/EAI/Check+Db+connections</documentation_url> <cases_url/> <forum_url/> </job-entry>
 <job-entry id="SYSLOG"> <description>i18n:org.pentaho.di.job.entry:JobEntry.Syslog.TypeDesc</description> <classname>org.pentaho.di.job.entries.syslog.JobEntrySyslog</classname> <category>i18n:org.pentaho.di.job:JobCategory.Category.Utility</category> <tooltip>i18n:org.pentaho.di.job.entry:JobEntry.Syslog.TypeDesc.Tooltip</tooltip> <iconfile>ui/images/SYL.svg</iconfile> <documentation_url/> <cases_url/> <forum_url/> </job-entry>
 <job-entry id="EVAL_FILES_METRICS"> <description>i18n:org.pentaho.di.job.entry:JobEntry.EvalFilesMetrics.TypeDesc</description> <classname>org.pentaho.di.job.entries.evalfilesmetrics.JobEntryEvalFilesMetrics</classname> <category>i18n:org.pentaho.di.job:JobCategory.Category.Conditions</category> <tooltip>i18n:org.pentaho.di.job.entry:JobEntry.EvalFilesMetrics.Tooltip</tooltip> <iconfile>ui/images/CFS.svg</iconfile> <documentation_url/> <cases_url/> <forum_url/> </job-entry>
 <job-entry id="CHECK_FILES_LOCKED"> <description>i18n:org.pentaho.di.job.entry:JobEntry.CheckFilesLocked.TypeDesc</description> <classname>org.pentaho.di.job.entries.checkfilelocked.JobEntryCheckFilesLocked</classname> <category>i18n:org.pentaho.di.job:JobCategory.Category.Conditions</category> <tooltip>i18n:org.pentaho.di.job.entry:JobEntry.CheckFilesLocked.Tooltip</tooltip> <iconfile>ui/images/CFL.svg</iconfile> <documentation_url/> <cases_url/> <forum_url/> </job-entry>
 <job-entry id="WEBSERVICE_AVAILABLE"> <description>i18n:org.pentaho.di.job.entry:JobEntry.WebServiceAvailable.TypeDesc</description> <classname>org.pentaho.di.job.entries.webserviceavailable.JobEntryWebServiceAvailable</classname> <category>i18n:org.pentaho.di.job:JobCategory.Category.Conditions</category> <tooltip>i18n:org.pentaho.di.job.entry:JobEntry.WebServiceAvailable.Tooltip</tooltip> <iconfile>ui/images/WSA.svg</iconfile> <documentation_url>http://wiki.pentaho.com/display/EAI/Check+webservice+availability</documentation_url> <cases_url/> <forum_url/> </job-entry>
 <job-entry id="WRITE_TO_FILE"> <description>i18n:org.pentaho.di.job.entry:JobEntry.WriteToFile.TypeDesc</description> <classname>org.pentaho.di.job.entries.writetofile.JobEntryWriteToFile</classname> <category>i18n:org.pentaho.di.job:JobCategory.Category.FileManagement</category> <tooltip>i18n:org.pentaho.di.job.entry:JobEntry.WriteToFile.Tooltip</tooltip> <iconfile>ui/images/TFO.svg</iconfile> <documentation_url/> <cases_url/> <forum_url/> </job-entry>
 <job-entry id="TALEND_JOB_EXEC"> <description>i18n:org.pentaho.di.job.entry:JobEntry.TalendJobExec.TypeDesc</description> <classname>org.pentaho.di.job.entries.talendjobexec.JobEntryTalendJobExec</classname> <category>i18n:org.pentaho.di.job:JobCategory.Category.Utility</category> <tooltip>i18n:org.pentaho.di.job.entry:JobEntry.TalendJobExec.Tooltip</tooltip> <iconfile>ui/images/TJE.svg</iconfile> <documentation_url/> <cases_url/> <forum_url/> </job-entry>
 <job-entry id="DOS_UNIX_CONVERTER"> <description>i18n:org.pentaho.di.job.entry:JobEntry.DosUnixConverter.TypeDesc</description> <classname>org.pentaho.di.job.entries.dostounix.JobEntryDosToUnix</classname> <category>i18n:org.pentaho.di.job:JobCategory.Category.FileManagement</category> <tooltip>i18n:org.pentaho.di.job.entry:JobEntry.DosUnixConverter.Tooltip</tooltip> <iconfile>ui/images/DTU.svg</iconfile> <documentation_url>http://wiki.pentaho.com/display/EAI/Convert+file+between+Windows+and+Unix</documentation_url> <cases_url/> <forum_url/> </job-entry>
 <job-entry id="PGP_DECRYPT_FILES"> <description>i18n:org.pentaho.di.job.entry:JobEntry.PGPDecryptFiles.TypeDesc</description> <classname>org.pentaho.di.job.entries.pgpdecryptfiles.JobEntryPGPDecryptFiles</classname> <category>i18n:org.pentaho.di.job:JobCategory.Category.FileEncryption</category> <tooltip>i18n:org.pentaho.di.job.entry:JobEntry.PGPDecryptFiles.Tooltip</tooltip> <iconfile>ui/images/GPGDecrypt.svg</iconfile> <documentation_url/> <cases_url/> <forum_url/> </job-entry>
 <job-entry id="PGP_ENCRYPT_FILES"> <description>i18n:org.pentaho.di.job.entry:JobEntry.PGPEncryptFiles.TypeDesc</description> <classname>org.pentaho.di.job.entries.pgpencryptfiles.JobEntryPGPEncryptFiles</classname> <category>i18n:org.pentaho.di.job:JobCategory.Category.FileEncryption</category> <tooltip>i18n:org.pentaho.di.job.entry:JobEntry.PGPEncryptFiles.Tooltip</tooltip> <iconfile>ui/images/GPGEncrypt.svg</iconfile> <documentation_url/> <cases_url/> <forum_url/> </job-entry>
 <job-entry id="PGP_VERIFY_FILES"> <description>i18n:org.pentaho.di.job.entry:JobEntry.PGPVerify.TypeDesc</description> <classname>org.pentaho.di.job.entries.pgpverify.JobEntryPGPVerify</classname> <category>i18n:org.pentaho.di.job:JobCategory.Category.FileEncryption</category> <tooltip>i18n:org.pentaho.di.job.entry:JobEntry.PGPVerify.Tooltip</tooltip> <iconfile>ui/images/PGPVerif.svg</iconfile> <documentation_url/> <cases_url/> <forum_url/> </job-entry>
 <job-entry id="SEND_NAGIOS_PASSIVE_CHECK"> <description>i18n:org.pentaho.di.job.entry:JobEntry.SendNagiosPassiveCheck.TypeDesc</description> <classname>org.pentaho.di.job.entries.sendnagiospassivecheck.JobEntrySendNagiosPassiveCheck</classname> <category>i18n:org.pentaho.di.job:JobCategory.Category.Utility</category> <tooltip>i18n:org.pentaho.di.job.entry:JobEntry.SendNagiosPassiveCheck.Tooltip</tooltip> <iconfile>ui/images/nagios.svg</iconfile> <documentation_url/> <cases_url/> <forum_url/> </job-entry>
 <job-entry id="TELNET"> <description>i18n:org.pentaho.di.job.entry:JobEntry.Telnet.TypeDesc</description> <classname>org.pentaho.di.job.entries.telnet.JobEntryTelnet</classname> <category>i18n:org.pentaho.di.job:JobCategory.Category.Utility</category> <tooltip>i18n:org.pentaho.di.job.entry:JobEntry.Telnet.Tooltip</tooltip> <iconfile>ui/images/telnet.svg</iconfile> <documentation_url/> <cases_url/> <forum_url/> </job-entry>
</job-entries>
